bandwidth,throughput,congestion,packet_loss,latency,jitter,Percentage video occupancy,Bitrate video,Number videos,anomaly_throughput,anomaly_congestion,anomaly_packet_loss,anomaly_latency,anomaly_jitter,anomaly
2,1.13,8.02,0.0,10.29,0.9,80,1336,2,0,0,0,0,0,0
2,0.36,30.38,5.0,13.76,0.76,100,1670,1,0,0,0,0,0,0
2,2.93,0.05,30.0,6.93,0.83,80,1336,2,0,0,1,0,0,0
2,0.26,4.97,35.0,1034.97,0.81,100,1670,2,0,0,1,1,0,1
2,1.99,0.08,17.5,6.2,0.28,0,0,1,0,0,1,0,0,0
2,2.29,0.11,17.5,5.56,0.42,20,334,2,0,0,1,0,0,0
2,3.03,15.36,0.0,4.95,0.64,10,167,1,0,0,0,0,0,0
2,2.68,20.5,0.0,8.58,1.41,20,334,2,0,0,0,0,0,0
2,0.23,0.07,0.0,5.31,0.47,100,1670,2,0,0,0,0,0,0
2,1.15,66.46,0.0,9.62,1.03,10,167,6,0,0,0,0,0,0
2,1.48,19.63,0.0,6.7,0.57,20,334,1,0,0,0,0,0,0
2,2.11,8.99,0.0,10.13,0.39,10,167,1,0,0,0,0,0,0
2,1.9,13.07,0.0,4.58,0.62,10,167,1,0,0,0,0,0,0
2,1.91,0.11,15.0,10.56,0.97,0,0,1,0,0,0,0,0,0
2,0.43,81.04,0.0,7.3,0.44,80,1336,1,0,0,0,0,0,0
2,2.08,15.11,0.0,5.33,0.28,10,167,2,0,0,0,0,0,0
2,0.85,44.35,7.5,10.77,1.14,10,167,3,0,0,0,0,0,0
2,1.38,13.87,15.0,9.84,0.5,10,167,2,0,0,0,0,0,0
2,2.37,56.26,15.0,6.96,0.28,50,835,1,0,0,0,0,0,0
2,1.85,0.07,0.0,7.15,0.48,20,334,2,0,0,0,0,0,0
2,0.64,22.43,25.0,7.66,1.26,100,1670,1,0,0,1,0,0,0
2,1.43,0.1,0.0,5.67,0.59,0,0,1,0,0,0,0,0,0
2,3.76,14.23,0.0,9.87,0.68,10,167,1,1,0,0,0,0,0
2,2.7,26.57,17.5,10.88,2.67,10,167,6,0,0,1,0,1,1
2,1.93,0.29,0.0,5.9,0.33,0,0,2,0,0,0,0,0,0
2,0.26,61.14,0.0,6.85,1.0,80,1336,2,0,0,0,0,0,0
2,2.91,5.55,10.0,10.59,0.83,10,167,1,0,0,0,0,0,0
2,1.44,14.27,0.0,10.26,1.15,10,167,1,0,0,0,0,0,0
2,1.5,12.36,0.0,12.53,0.84,10,167,1,0,0,0,0,0,0
2,1.66,20.46,5.0,5.75,0.55,20,334,2,0,0,0,0,0,0
2,1.66,86.53,15.0,10.52,0.38,80,1336,2,0,0,0,0,0,0
2,2.54,11.4,0.0,9.49,1.08,10,167,2,0,0,0,0,0,0
2,2.0,111.18,35.0,5.75,0.83,80,1336,1,0,1,1,0,0,1
2,2.78,54.68,35.0,5.38,1.71,120,2004,1,0,0,1,0,1,1
2,1.45,20.57,0.0,6.21,0.62,20,334,1,0,0,0,0,0,0
2,2.28,19.66,0.0,6.47,0.52,20,334,1,0,0,0,0,0,0
2,2.18,15.91,0.0,5.57,2.42,10,167,1,0,0,0,0,1,0
2,3.29,0.09,17.5,6.82,0.6,0,0,2,0,0,1,0,0,0
2,2.41,81.92,5.0,6.34,0.81,80,1336,2,0,0,0,0,0,0
2,2.89,9.65,0.0,10.58,0.93,10,167,1,0,0,0,0,0,0
2,0.98,10.84,0.0,6.68,0.8,20,334,2,0,0,0,0,0,0
2,1.84,0.13,0.0,7.05,0.38,50,835,1,0,0,0,0,0,0
2,1.31,0.68,5.0,10.83,1.14,80,1336,2,0,0,0,0,0,0
2,2.01,20.16,7.5,6.25,0.35,20,334,1,0,0,0,0,0,0
2,2.68,80.64,0.0,5.26,0.94,80,1336,1,0,0,0,0,0,0
2,2.07,10.15,5.0,7.5,3.29,10,167,1,0,0,0,0,1,0
2,1.74,0.07,15.0,6.85,0.71,20,334,2,0,0,0,0,0,0
2,2.96,10.85,2.5,5.25,0.6,10,167,2,0,0,0,0,0,0
2,2.55,20.22,5.0,6.35,0.52,20,334,2,0,0,0,0,0,0
2,2.49,11.42,0.0,5.98,0.52,10,167,1,0,0,0,0,0,0
2,1.51,15.45,12.5,5.17,0.64,10,167,2,0,0,0,0,0,0
2,0.88,20.52,0.0,7.61,0.61,20,334,2,0,0,0,0,0,0
2,0.43,99.03,2.5,10.16,0.65,100,1670,1,0,1,0,0,0,0
2,3.64,55.22,5.0,1039.46,0.87,10,167,1,0,0,0,1,0,0
2,2.66,0.11,0.0,7.48,1.68,0,0,2,0,0,0,0,1,0
2,0.26,63.21,27.500000000000004,9.86,1.33,50,835,2,0,0,1,0,0,0
2,1.5,55.59,2.5,10.5,0.7,10,167,5,0,0,0,0,0,0
2,1.84,11.81,0.0,6.55,0.7,10,167,2,0,0,0,0,0,0
2,0.2,58.44,0.0,6.85,0.95,80,1336,1,0,0,0,0,0,0
2,2.28,0.07,0.0,10.46,0.49,0,0,1,0,0,0,0,0,0
2,0.72,56.92,0.0,1012.55,6.41,80,1336,1,0,0,0,1,1,1
2,0.37,69.2,2.5,5.73,8.17,80,1336,1,0,0,0,0,1,0
2,2.29,16.28,0.0,10.43,0.58,10,167,2,0,0,0,0,0,0
2,1.77,116.26,12.5,5.77,0.58,50,835,2,0,1,0,0,0,0
2,0.88,47.23,0.0,8.97,0.96,10,167,4,0,0,0,0,0,0
2,2.37,0.13,0.0,7.57,1.12,80,1336,1,0,0,0,0,0,0
2,0.82,79.66,45.0,10.32,1.11,80,1336,1,0,0,1,0,0,0
2,1.14,35.75,0.0,10.09,1.1,10,167,2,0,0,0,0,0,0
2,1.76,88.1,0.0,10.85,2.07,100,1670,1,0,0,0,0,1,0
2,2.43,66.29,12.5,5.42,0.54,80,1336,2,0,0,0,0,0,0
2,1.09,37.82,0.0,9.64,0.91,10,167,4,0,0,0,0,0,0
2,1.67,112.97,0.0,10.79,1.28,100,1670,1,0,1,0,0,0,0
2,3.07,14.44,0.0,7.42,0.68,10,167,2,0,0,0,0,0,0
2,2.68,0.09,0.0,7.39,0.58,0,0,1,0,0,0,0,0,0
2,1.03,0.03,2.5,6.0,1.41,80,1336,2,0,0,0,0,0,0
2,0.97,38.68,5.0,9.47,0.8,10,167,1,0,0,0,0,0,0
2,2.45,0.08,0.0,6.98,0.57,20,334,2,0,0,0,0,0,0
2,1.46,0.11,0.0,6.64,2.01,10,167,2,0,0,0,0,1,0
2,5.09,15.03,0.0,10.31,1.95,10,167,2,1,0,0,0,1,1
2,3.25,89.45,17.5,6.88,1.9,80,1336,2,0,0,1,0,1,1
2,1.66,47.69,10.0,9.98,0.75,10,167,4,0,0,0,0,0,0
2,1.56,51.13,0.0,7.0,0.77,50,835,1,0,0,0,0,0,0
2,2.27,0.1,0.0,5.61,0.83,0,0,1,0,0,0,0,0,0
2,2.12,10.88,0.0,10.75,1.35,10,167,2,0,0,0,0,0,0
2,0.41,82.07,15.0,10.45,1.72,80,1336,1,0,0,0,0,1,0
2,3.01,14.33,10.0,7.27,0.44,10,167,1,0,0,0,0,0,0
2,1.71,30.36,0.0,10.6,1.47,10,167,3,0,0,0,0,0,0
2,1.65,107.71,7.5,10.71,2.78,80,1336,2,0,1,0,0,1,1
2,1.49,13.25,7.5,7.58,0.35,20,334,1,0,0,0,0,0,0
2,1.0,76.42,12.5,5.45,0.37,80,1336,2,0,0,0,0,0,0
2,2.1,36.63,0.0,5.78,0.85,20,334,2,0,0,0,0,0,0
2,1.26,23.61,0.0,10.88,1.97,10,167,4,0,0,0,0,1,0
2,4.9,54.13,22.5,10.34,0.68,50,835,1,1,0,1,0,0,1
2,2.27,53.9,15.0,9.4,0.7,10,167,5,0,0,0,0,0,0
2,0.49,86.82,27.500000000000004,1023.56,0.56,120,2004,2,0,0,1,1,0,1
2,2.95,19.68,0.0,7.6,0.76,20,334,2,0,0,0,0,0,0
2,0.08,59.7,30.0,5.48,0.76,120,2004,2,1,0,1,0,0,1
2,1.86,13.74,0.0,5.12,0.48,10,167,2,0,0,0,0,0,0
2,2.08,9.81,0.0,7.45,0.49,10,167,2,0,0,0,0,0,0
2,0.13,92.64,0.0,5.05,1.12,100,1670,1,1,1,0,0,0,1
2,1.62,20.47,0.0,10.09,10.8,20,334,1,0,0,0,0,1,0
2,2.52,11.55,0.0,5.45,0.87,10,167,2,0,0,0,0,0,0
2,1.91,0.09,0.0,6.93,0.46,120,2004,1,0,0,0,0,0,0
2,2.79,0.6,0.0,9.97,0.36,0,0,2,0,0,0,0,0,0
2,2.69,0.33,0.0,5.61,0.47,80,1336,2,0,0,0,0,0,0
2,2.45,9.85,15.0,7.16,0.8,10,167,2,0,0,0,0,0,0
2,2.46,6.6,0.0,5.79,0.35,10,167,1,0,0,0,0,0,0
2,3.3,19.9,0.0,5.57,0.38,20,334,1,0,0,0,0,0,0
2,1.8,13.35,0.0,7.04,0.7,10,167,1,0,0,0,0,0,0
2,1.76,18.07,0.0,10.38,0.71,10,167,2,0,0,0,0,0,0
2,2.51,6.98,0.0,9.49,1.0,10,167,1,0,0,0,0,0,0
2,2.12,20.07,12.5,4.78,0.61,20,334,2,0,0,0,0,0,0
2,0.3,84.86,0.0,5.86,0.56,80,1336,1,0,0,0,0,0,0
2,1.11,55.47,32.5,7.31,1.76,80,1336,1,0,0,1,0,1,1
2,3.28,6.59,17.5,10.6,0.54,10,167,2,0,0,1,0,0,0
2,1.63,52.4,7.5,1037.36,1.21,10,167,5,0,0,0,1,0,0
2,0.21,50.87,7.5,7.39,1.58,50,835,2,0,0,0,0,1,0
2,1.92,6.75,0.0,5.43,1.69,10,167,1,0,0,0,0,1,0
2,1.83,21.23,0.0,9.28,1.26,10,167,4,0,0,0,0,0,0
2,0.69,56.26,35.0,5.49,0.67,80,1336,1,0,0,1,0,0,0
2,1.69,0.55,35.0,5.33,0.6,120,2004,2,0,0,1,0,0,0
2,0.52,53.92,22.5,6.17,0.58,50,835,2,0,0,1,0,0,0
2,1.29,20.47,0.0,5.47,0.45,20,334,2,0,0,0,0,0,0
2,0.48,0.09,0.0,5.86,0.3,100,1670,2,0,0,0,0,0,0
2,0.37,64.2,0.0,10.88,0.92,10,167,6,0,0,0,0,0,0
2,1.68,20.44,0.0,10.76,0.97,20,334,1,0,0,0,0,0,0
2,0.74,110.7,40.0,5.85,0.46,80,1336,1,0,1,1,0,0,1
2,0.2,73.79,0.0,9.61,1.11,80,1336,1,0,0,0,0,0,0
2,1.13,57.03,0.0,10.57,0.42,80,1336,2,0,0,0,0,0,0
2,1.46,12.59,0.0,9.78,0.63,10,167,2,0,0,0,0,0,0
2,1.16,58.59,5.0,1009.98,1.64,100,1670,1,0,0,0,1,1,1
2,2.55,10.04,7.5,9.2,0.92,10,167,1,0,0,0,0,0,0
2,1.13,57.0,0.0,9.89,0.81,10,167,4,0,0,0,0,0,0
2,0.83,48.08,2.5,9.5,1.02,10,167,4,0,0,0,0,0,0
2,1.29,19.7,7.5,7.23,0.83,20,334,1,0,0,0,0,0,0
2,3.39,10.24,0.0,9.99,1.89,10,167,1,0,0,0,0,1,0
2,1.58,110.57,30.0,8.55,0.38,100,1670,1,0,1,1,0,0,1
2,3.32,12.98,12.5,9.88,0.87,10,167,2,0,0,0,0,0,0
2,1.5,51.4,10.0,9.57,1.08,10,167,4,0,0,0,0,0,0
2,3.43,65.4,10.0,9.93,1.19,10,167,4,0,0,0,0,0,0
2,1.18,113.21,27.500000000000004,1037.03,1.39,100,1670,1,0,1,1,1,0,1
2,1.85,11.89,0.0,5.86,0.49,10,167,2,0,0,0,0,0,0
2,1.7,1.04,0.0,6.22,0.44,0,0,2,0,0,0,0,0,0
2,1.77,12.47,10.0,10.87,0.7,10,167,1,0,0,0,0,0,0
2,1.12,112.05,15.0,5.54,0.87,100,1670,1,0,1,0,0,0,0
2,0.65,57.27,7.5,10.86,0.84,10,167,4,0,0,0,0,0,0
2,0.37,1.18,0.0,5.5,0.29,100,1670,1,0,0,0,0,0,0
2,0.16,19.27,10.0,10.04,1.24,50,835,2,1,0,0,0,0,0
2,0.05,0.07,15.0,5.65,0.21,100,1670,2,1,0,0,0,0,0
2,2.58,5.02,0.0,11.12,1.33,10,167,2,0,0,0,0,0,0
2,1.38,19.76,0.0,7.11,0.61,20,334,1,0,0,0,0,0,0
2,0.19,85.17,12.5,12.03,1.07,80,1336,1,1,0,0,0,0,0
2,0.13,56.84,37.5,7.24,1.66,100,1670,1,1,0,1,0,1,1
2,0.4,111.91,35.0,1013.63,0.69,80,1336,2,0,1,1,1,0,1
2,2.01,4.63,0.0,10.15,0.63,10,167,2,0,0,0,0,0,0
2,0.7,100.03,10.0,10.63,1.77,50,835,2,0,1,0,0,1,1
2,1.46,74.26,0.0,7.81,0.95,80,1336,1,0,0,0,0,0,0
2,1.62,0.07,0.0,5.77,0.35,0,0,1,0,0,0,0,0,0
2,0.26,0.09,0.0,5.6,0.74,80,1336,2,0,0,0,0,0,0
2,2.11,14.8,0.0,10.19,0.74,10,167,1,0,0,0,0,0,0
2,1.72,111.39,15.0,5.43,0.53,120,2004,2,0,1,0,0,0,0
2,2.41,51.3,0.0,7.16,0.6,50,835,1,0,0,0,0,0,0
2,0.32,116.1,0.0,6.47,1.16,100,1670,1,0,1,0,0,0,0
2,6.57,13.92,17.5,10.01,1.45,10,167,1,1,0,1,0,0,1
2,2.03,0.07,27.500000000000004,5.76,0.57,50,835,2,0,0,1,0,0,0
2,0.61,45.6,2.5,5.77,0.58,50,835,1,0,0,0,0,0,0
2,2.06,0.09,0.0,6.99,0.22,0,0,1,0,0,0,0,0,0
2,3.1,70.58,0.0,10.44,1.52,80,1336,1,0,0,0,0,1,0
2,1.88,20.02,0.0,10.32,0.95,20,334,2,0,0,0,0,0,0
2,1.12,42.32,7.5,6.14,1.05,50,835,1,0,0,0,0,0,0
2,2.26,12.78,0.0,9.71,0.35,10,167,1,0,0,0,0,0,0
2,0.63,55.21,17.5,11.24,0.75,50,835,2,0,0,1,0,0,0
2,1.5,13.08,0.0,7.15,1.42,10,167,2,0,0,0,0,0,0
2,2.73,14.32,5.0,5.6,0.42,10,167,1,0,0,0,0,0,0
2,2.51,53.72,22.5,7.8,1.14,50,835,1,0,0,1,0,0,0
2,2.37,0.55,0.0,10.34,0.59,0,0,2,0,0,0,0,0,0
2,1.48,13.12,0.0,6.25,0.67,10,167,2,0,0,0,0,0,0
2,1.19,11.69,0.0,7.19,0.74,10,167,2,0,0,0,0,0,0
2,0.19,86.75,2.5,5.84,0.59,100,1670,1,1,0,0,0,0,0
2,2.43,0.09,0.0,5.77,0.33,120,2004,2,0,0,0,0,0,0
2,1.46,55.62,10.0,1006.02,0.36,100,1670,2,0,0,0,1,0,0
2,2.61,15.2,5.0,7.53,0.69,10,167,1,0,0,0,0,0,0
2,1.83,28.89,12.5,11.67,1.16,10,167,3,0,0,0,0,0,0
2,1.79,20.53,2.5,6.98,0.88,20,334,2,0,0,0,0,0,0
2,2.3,13.37,0.0,9.76,0.51,10,167,1,0,0,0,0,0,0
2,2.64,10.04,0.0,5.77,0.7,10,167,1,0,0,0,0,0,0
2,2.33,15.32,17.5,7.12,0.89,20,334,1,0,0,1,0,0,0
2,4.75,66.32,12.5,10.82,2.72,10,167,1,1,0,0,0,1,1
2,2.72,53.98,7.5,6.35,0.89,50,835,2,0,0,0,0,0,0
2,1.48,55.29,7.5,1028.46,3.06,120,2004,1,0,0,0,1,1,1
2,2.07,11.31,17.5,6.85,0.44,20,334,2,0,0,1,0,0,0
2,2.48,9.69,0.0,5.5,0.58,10,167,2,0,0,0,0,0,0
2,2.47,134.37,27.500000000000004,8.29,0.44,100,1670,1,0,1,1,0,0,1
2,0.54,65.32,2.5,8.91,0.73,10,167,6,0,0,0,0,0,0
2,2.7,0.09,0.0,7.6,0.5,0,0,2,0,0,0,0,0,0
2,2.51,0.05,0.0,10.39,0.33,0,0,2,0,0,0,0,0,0
2,2.85,11.47,0.0,10.19,0.66,10,167,2,0,0,0,0,0,0
2,1.46,46.08,0.0,7.52,0.82,50,835,1,0,0,0,0,0,0
2,2.48,0.06,0.0,10.45,0.43,0,0,1,0,0,0,0,0,0
2,1.29,58.6,27.500000000000004,13.18,1.12,50,835,2,0,0,1,0,0,0
2,1.98,0.07,0.0,10.85,0.64,10,167,2,0,0,0,0,0,0
2,2.49,10.28,7.5,5.52,0.37,10,167,2,0,0,0,0,0,0
2,0.52,56.81,22.5,5.38,0.5,80,1336,1,0,0,1,0,0,0
2,2.11,57.51,0.0,5.68,0.46,50,835,1,0,0,0,0,0,0
2,5.48,55.07,40.0,3051.58,0.67,80,1336,2,1,0,1,1,0,1
2,0.87,116.31,20.0,11.17,0.61,80,1336,1,0,1,1,0,0,1
2,2.19,0.05,0.0,11.79,0.48,10,167,2,0,0,0,0,0,0
2,2.2,0.06,0.0,6.94,0.51,120,2004,1,0,0,0,0,0,0
2,2.34,9.46,15.0,9.92,1.05,10,167,1,0,0,0,0,0,0
2,2.57,9.97,0.0,17.54,0.48,10,167,1,0,0,0,1,0,0
2,1.98,72.08,0.0,10.42,3.66,80,1336,2,0,0,0,0,1,0
2,1.97,19.91,0.0,5.45,0.5,20,334,1,0,0,0,0,0,0
2,2.35,14.21,7.5,9.83,0.29,10,167,1,0,0,0,0,0,0
2,1.0,19.88,0.0,5.48,0.69,20,334,2,0,0,0,0,0,0
2,1.29,70.86,25.0,10.16,1.78,80,1336,1,0,0,1,0,1,1
2,1.67,19.87,15.0,8.99,0.96,20,334,1,0,0,0,0,0,0
2,2.77,14.58,7.5,9.62,0.61,10,167,1,0,0,0,0,0,0
2,1.14,0.06,17.5,10.57,0.8,80,1336,2,0,0,1,0,0,0
2,3.21,0.1,17.5,7.35,0.76,0,0,2,0,0,1,0,0,0
2,2.94,13.77,0.0,10.15,1.29,10,167,1,0,0,0,0,0,0
2,2.4,32.76,0.0,5.87,0.61,100,1670,2,0,0,0,0,0,0
2,0.67,112.84,17.5,5.54,0.64,100,1670,1,0,1,1,0,0,1
2,2.33,9.8,0.0,6.99,0.75,10,167,1,0,0,0,0,0,0
2,2.34,16.01,0.0,9.19,0.91,10,167,1,0,0,0,0,0,0
2,0.35,0.08,15.0,6.87,0.47,80,1336,2,0,0,0,0,0,0
2,1.96,49.52,0.0,7.03,0.28,80,1336,1,0,0,0,0,0,0
2,2.44,24.11,0.0,10.23,0.78,10,167,2,0,0,0,0,0,0
2,0.47,56.18,12.5,8.93,0.97,50,835,2,0,0,0,0,0,0
2,3.26,0.05,17.5,5.91,0.2,0,0,2,0,0,1,0,0,0
2,2.44,9.91,0.0,7.55,0.52,10,167,1,0,0,0,0,0,0
2,1.61,19.59,0.0,7.77,0.57,20,334,2,0,0,0,0,0,0
2,2.11,0.08,0.0,7.12,0.55,0,0,2,0,0,0,0,0,0
2,2.66,19.68,0.0,8.91,0.63,20,334,1,0,0,0,0,0,0
2,1.07,111.62,30.0,5.84,1.32,100,1670,1,0,1,1,0,0,1
2,0.16,46.17,0.0,10.26,1.01,50,835,2,1,0,0,0,0,0
2,2.03,0.08,0.0,11.61,0.46,10,167,1,0,0,0,0,0,0
2,1.52,20.41,0.0,5.74,0.44,20,334,2,0,0,0,0,0,0
2,1.59,0.09,25.0,10.5,0.0,80,1336,2,0,0,1,0,0,0
2,2.02,0.53,0.0,7.22,0.41,0,0,1,0,0,0,0,0,0
2,2.42,56.03,0.0,7.28,1.18,80,1336,1,0,0,0,0,0,0
2,1.69,19.62,0.0,5.41,0.54,20,334,1,0,0,0,0,0,0
2,1.58,9.92,0.0,9.76,1.12,10,167,1,0,0,0,0,0,0
2,2.71,0.55,0.0,5.37,0.26,80,1336,2,0,0,0,0,0,0
2,2.56,61.23,20.0,9.86,0.97,10,167,6,0,0,1,0,0,0
2,2.72,0.07,0.0,7.27,0.31,80,1336,2,0,0,0,0,0,0
2,2.0,0.08,0.0,7.16,0.36,0,0,2,0,0,0,0,0,0
2,1.72,13.9,0.0,1018.86,0.8,20,334,2,0,0,0,1,0,0
2,2.73,20.94,7.5,9.62,0.32,20,334,2,0,0,0,0,0,0
2,0.2,0.06,0.0,7.17,0.66,120,2004,1,0,0,0,0,0,0
2,1.18,112.89,30.0,5.73,0.5,120,2004,1,0,1,1,0,0,1
2,4.72,35.55,17.5,10.1,1.42,20,334,1,1,0,1,0,0,1
2,2.11,13.02,0.0,11.58,1.37,10,167,2,0,0,0,0,0,0
2,1.18,58.4,40.0,1035.8,0.81,120,2004,1,0,0,1,1,0,1
2,1.6,16.06,5.0,11.17,1.28,10,167,1,0,0,0,0,0,0
2,0.16,0.07,0.0,10.78,0.57,100,1670,1,1,0,0,0,0,0
2,1.35,57.28,5.0,10.66,1.17,80,1336,1,0,0,0,0,0,0
2,0.23,23.6,15.0,7.61,0.3,80,1336,2,0,0,0,0,0,0
2,0.29,60.14,0.0,5.33,0.83,80,1336,1,0,0,0,0,0,0
2,1.74,19.77,0.0,5.64,1.0,20,334,1,0,0,0,0,0,0
2,2.59,0.18,0.0,15.68,0.61,80,1336,2,0,0,0,1,0,0
2,1.93,0.05,0.0,7.09,0.38,0,0,2,0,0,0,0,0,0
2,2.39,15.12,0.0,7.34,2.49,10,167,1,0,0,0,0,1,0
2,1.24,47.71,12.5,12.37,1.47,50,835,1,0,0,0,0,0,0
2,1.04,81.77,15.0,10.08,0.92,80,1336,1,0,0,0,0,0,0
2,3.75,55.87,0.0,5.6,0.62,50,835,1,1,0,0,0,0,0
2,2.95,0.32,0.0,5.78,0.37,20,334,2,0,0,0,0,0,0
2,0.29,76.38,0.0,7.35,0.54,80,1336,2,0,0,0,0,0,0
2,2.4,0.74,0.0,7.62,0.77,0,0,2,0,0,0,0,0,0
2,2.08,0.09,0.0,7.36,0.58,50,835,2,0,0,0,0,0,0
2,1.55,0.07,0.0,7.64,0.76,50,835,2,0,0,0,0,0,0
2,1.87,0.08,15.0,10.5,0.48,80,1336,2,0,0,0,0,0,0
2,2.49,20.34,7.5,5.24,0.34,20,334,1,0,0,0,0,0,0
2,2.11,9.51,0.0,7.11,0.78,20,334,1,0,0,0,0,0,0
2,2.25,0.3,0.0,10.58,0.39,0,0,1,0,0,0,0,0,0
2,2.81,56.51,2.5,7.23,0.76,50,835,1,0,0,0,0,0,0
2,1.92,56.81,0.0,11.98,0.76,50,835,1,0,0,0,0,0,0
2,0.33,96.65,0.0,7.37,0.67,80,1336,1,0,1,0,0,0,0
2,0.57,55.25,0.0,7.74,0.51,100,1670,1,0,0,0,0,0,0
2,1.07,74.25,2.5,7.75,0.74,120,2004,1,0,0,0,0,0,0
2,2.56,12.1,2.5,10.56,0.48,10,167,1,0,0,0,0,0,0
2,0.58,59.22,12.5,8.94,1.28,10,167,6,0,0,0,0,0,0
2,0.3,41.9,0.0,6.3,1.59,50,835,2,0,0,0,0,1,0
2,1.95,4.31,0.0,10.18,0.73,10,167,1,0,0,0,0,0,0
2,1.26,12.71,0.0,6.81,0.51,10,167,1,0,0,0,0,0,0
2,2.22,0.1,0.0,11.17,0.55,80,1336,1,0,0,0,0,0,0
2,2.66,0.06,0.0,7.21,0.47,0,0,1,0,0,0,0,0,0
2,0.29,0.06,0.0,7.81,0.34,100,1670,1,0,0,0,0,0,0
2,1.99,0.37,17.5,7.59,0.66,50,835,2,0,0,1,0,0,0
2,2.45,13.85,0.0,6.9,0.65,10,167,1,0,0,0,0,0,0
2,2.37,19.78,10.0,10.31,0.72,20,334,2,0,0,0,0,0,0
2,1.79,4.19,0.0,9.05,0.44,10,167,1,0,0,0,0,0,0
2,3.34,10.12,7.5,6.55,1.7,10,167,1,0,0,0,0,1,0
2,3.01,19.63,0.0,6.48,1.13,20,334,2,0,0,0,0,0,0
2,2.42,14.17,15.0,6.02,0.49,10,167,1,0,0,0,0,0,0
2,2.76,91.86,0.0,5.39,0.71,100,1670,1,0,1,0,0,0,0
2,1.58,0.09,0.0,6.52,0.45,0,0,1,0,0,0,0,0,0
2,1.62,75.73,12.5,1013.89,1.04,80,1336,2,0,0,0,1,0,0
2,1.69,14.63,0.0,6.3,0.42,10,167,1,0,0,0,0,0,0
2,3.48,0.15,25.0,10.46,0.63,80,1336,2,0,0,1,0,0,0
2,2.43,80.31,0.0,5.28,0.44,100,1670,2,0,0,0,0,0,0
2,5.2,19.52,0.0,9.65,0.59,20,334,1,1,0,0,0,0,0
2,2.14,14.36,0.0,10.25,0.79,10,167,1,0,0,0,0,0,0
2,2.35,1.33,0.0,10.53,0.7,50,835,2,0,0,0,0,0,0
2,1.07,45.72,0.0,10.2,0.94,50,835,1,0,0,0,0,0,0
2,3.12,0.07,5.0,10.59,0.75,10,167,1,0,0,0,0,0,0
2,2.45,20.03,10.0,7.47,0.61,20,334,2,0,0,0,0,0,0
2,0.37,61.52,7.5,5.75,0.9,80,1336,1,0,0,0,0,0,0
2,1.86,0.51,32.5,7.45,0.44,50,835,2,0,0,1,0,0,0
2,1.88,0.3,0.0,6.39,0.44,0,0,2,0,0,0,0,0,0
2,0.41,83.36,0.0,7.31,0.59,80,1336,1,0,0,0,0,0,0
2,1.47,10.3,0.0,8.66,0.89,20,334,2,0,0,0,0,0,0
2,1.8,69.73,0.0,7.89,0.59,20,334,2,0,0,0,0,0,0
2,1.33,87.22,0.0,9.88,1.39,80,1336,1,0,0,0,0,0,0
2,2.36,0.08,0.0,12.4,0.64,0,0,1,0,0,0,0,0,0
2,2.28,21.07,0.0,10.61,1.16,20,334,2,0,0,0,0,0,0
2,2.19,0.11,0.0,7.44,0.57,20,334,2,0,0,0,0,0,0
2,0.1,111.32,0.0,6.67,1.25,100,1670,2,1,1,0,0,0,1
2,1.54,13.47,0.0,6.93,1.06,10,167,2,0,0,0,0,0,0
2,1.32,37.03,0.0,5.39,0.51,50,835,1,0,0,0,0,0,0
2,0.11,126.04,0.0,5.29,0.98,120,2004,1,1,1,0,0,0,1
2,2.4,10.14,0.0,6.97,0.82,10,167,1,0,0,0,0,0,0
2,2.45,20.11,0.0,5.63,0.66,20,334,2,0,0,0,0,0,0
2,1.46,20.06,12.5,9.56,1.91,20,334,2,0,0,0,0,1,0
2,2.35,19.92,2.5,7.28,0.56,20,334,2,0,0,0,0,0,0
2,1.13,34.47,7.5,11.76,1.14,50,835,1,0,0,0,0,0,0
2,1.45,19.93,0.0,7.4,0.37,20,334,1,0,0,0,0,0,0
2,1.14,0.07,5.0,5.67,0.35,50,835,2,0,0,0,0,0,0
2,1.42,0.07,0.0,5.63,0.39,50,835,1,0,0,0,0,0,0
2,0.39,81.67,0.0,7.21,0.96,80,1336,1,0,0,0,0,0,0
2,0.74,60.13,35.0,1014.81,0.75,50,835,2,0,0,1,1,0,1
2,1.71,13.82,0.0,9.82,0.49,10,167,1,0,0,0,0,0,0
2,1.08,54.43,5.0,9.37,1.09,10,167,4,0,0,0,0,0,0
2,2.4,11.58,0.0,6.37,0.54,10,167,2,0,0,0,0,0,0
2,1.98,37.69,15.0,9.08,1.54,10,167,5,0,0,0,0,1,0
2,1.14,29.42,7.5,11.79,1.07,10,167,3,0,0,0,0,0,0
2,2.33,56.43,5.0,7.55,0.63,120,2004,1,0,0,0,0,0,0
2,0.99,20.82,0.0,6.99,0.43,20,334,2,0,0,0,0,0,0
2,1.89,0.06,0.0,8.71,0.36,0,0,2,0,0,0,0,0,0
2,1.74,20.61,5.0,9.79,1.07,20,334,2,0,0,0,0,0,0
2,2.38,20.14,0.0,9.1,0.84,20,334,2,0,0,0,0,0,0
2,3.55,34.88,40.0,1016.31,0.57,80,1336,2,0,0,1,1,0,1
2,1.25,57.14,2.5,3028.22,1.05,120,2004,1,0,0,0,1,0,0
2,3.24,56.67,0.0,10.24,1.15,50,835,1,0,0,0,0,0,0
2,1.32,109.62,37.5,1026.5,0.48,100,1670,1,0,1,1,1,0,1
2,2.89,19.66,0.0,5.28,0.57,20,334,1,0,0,0,0,0,0
2,0.4,74.44,0.0,10.3,0.76,80,1336,2,0,0,0,0,0,0
2,1.29,0.06,10.0,10.8,0.53,80,1336,2,0,0,0,0,0,0
2,2.73,20.3,2.5,6.62,1.08,20,334,2,0,0,0,0,0,0
2,2.34,32.57,0.0,10.0,0.49,10,167,2,0,0,0,0,0,0
2,2.0,0.05,0.0,10.07,1.32,10,167,1,0,0,0,0,0,0
2,2.38,27.07,15.0,10.61,0.71,10,167,3,0,0,0,0,0,0
2,2.39,0.07,0.0,10.39,0.84,0,0,2,0,0,0,0,0,0
2,1.88,113.64,12.5,5.42,1.77,120,2004,1,0,1,0,0,1,1
2,0.78,115.37,20.0,10.0,1.47,100,1670,1,0,1,1,0,0,1
2,1.96,11.93,0.0,10.45,0.79,10,167,2,0,0,0,0,0,0
2,2.94,19.9,17.5,6.92,0.61,20,334,2,0,0,1,0,0,0
2,0.25,98.03,40.0,7.31,1.28,80,1336,2,0,1,1,0,0,1
2,1.31,11.55,0.0,9.73,0.77,10,167,2,0,0,0,0,0,0
2,2.32,9.86,7.5,11.32,1.68,10,167,1,0,0,0,0,1,0
2,1.3,81.87,35.0,1034.28,0.28,120,2004,1,0,0,1,1,0,1
2,1.69,44.84,15.0,7.23,0.54,80,1336,2,0,0,0,0,0,0
2,5.32,0.1,0.0,7.72,0.53,20,334,2,1,0,0,0,0,0
2,0.51,56.43,27.500000000000004,7.53,0.68,100,1670,1,0,0,1,0,0,0
2,2.59,0.03,27.500000000000004,5.96,0.29,80,1336,2,0,0,1,0,0,0
2,2.22,0.1,0.0,5.58,1.25,50,835,2,0,0,0,0,0,0
2,2.72,11.42,0.0,10.61,0.95,10,167,1,0,0,0,0,0,0
2,2.96,7.13,17.5,7.49,0.55,10,167,2,0,0,1,0,0,0
2,1.61,0.08,7.5,5.59,0.59,100,1670,2,0,0,0,0,0,0
2,1.18,92.14,45.0,7.3,1.74,80,1336,1,0,1,1,0,1,1
2,2.66,0.06,0.0,5.42,0.5,80,1336,2,0,0,0,0,0,0
2,0.48,35.91,0.0,9.67,0.79,10,167,1,0,0,0,0,0,0
2,0.17,112.59,30.0,6.87,0.18,80,1336,2,1,1,1,0,0,1
2,1.4,19.69,2.5,1037.03,1.17,20,334,2,0,0,0,1,0,0
2,0.23,80.15,0.0,10.73,0.8,80,1336,1,0,0,0,0,0,0
2,2.16,0.05,0.0,10.13,0.79,80,1336,2,0,0,0,0,0,0
2,0.32,43.27,0.0,6.62,0.69,50,835,1,0,0,0,0,0,0
2,0.48,40.89,12.5,10.14,0.74,50,835,2,0,0,0,0,0,0
2,1.77,46.47,22.5,5.64,1.24,80,1336,2,0,0,1,0,0,0
2,1.66,19.89,5.0,9.98,0.68,20,334,2,0,0,0,0,0,0
2,3.17,40.0,0.0,9.68,1.03,10,167,5,0,0,0,0,0,0
2,2.02,0.09,0.0,5.91,0.57,0,0,1,0,0,0,0,0,0
2,0.83,36.43,7.5,9.81,1.14,50,835,1,0,0,0,0,0,0
2,1.39,5.2,0.0,15.55,0.77,10,167,2,0,0,0,1,0,0
2,1.43,35.1,5.0,5.31,0.56,50,835,1,0,0,0,0,0,0
2,2.1,0.05,0.0,5.76,0.34,0,0,2,0,0,0,0,0,0
2,0.28,84.22,0.0,10.23,0.66,80,1336,1,0,0,0,0,0,0
2,1.09,83.62,7.5,11.27,1.33,10,167,4,0,0,0,0,0,0
2,1.18,110.45,15.0,10.45,0.87,100,1670,1,0,1,0,0,0,0
2,1.6,0.07,0.0,6.13,0.46,0,0,2,0,0,0,0,0,0
2,2.19,0.06,0.0,6.95,0.46,0,0,1,0,0,0,0,0,0
2,3.34,0.12,0.0,7.68,4.45,0,0,2,0,0,0,0,1,0
2,1.22,110.3,17.5,5.81,0.35,80,1336,1,0,1,1,0,0,1
2,1.62,0.11,0.0,7.31,0.49,0,0,2,0,0,0,0,0,0
2,0.69,42.93,0.0,8.95,0.94,50,835,1,0,0,0,0,0,0
2,0.29,55.44,30.0,7.21,0.49,80,1336,2,0,0,1,0,0,0
2,0.16,90.86,12.5,12.51,0.84,100,1670,1,1,1,0,0,0,1
2,1.89,0.03,0.0,7.32,0.4,0,0,2,0,0,0,0,0,0
2,0.88,54.4,40.0,10.61,1.29,80,1336,1,0,0,1,0,0,0
2,2.6,0.07,0.0,5.61,0.29,0,0,2,0,0,0,0,0,0
2,1.81,14.41,0.0,10.27,0.85,10,167,2,0,0,0,0,0,0
2,1.38,19.68,0.0,8.28,1.05,20,334,1,0,0,0,0,0,0
2,0.62,53.1,12.5,6.82,0.89,50,835,1,0,0,0,0,0,0
2,1.62,11.13,15.0,7.34,0.42,10,167,1,0,0,0,0,0,0
2,0.18,81.33,0.0,11.9,1.74,80,1336,1,1,0,0,0,1,1
2,3.01,12.72,10.0,5.06,0.33,10,167,2,0,0,0,0,0,0
2,4.63,38.93,20.0,10.25,0.92,10,167,4,1,0,1,0,0,1
2,1.12,56.33,45.0,1024.04,1.05,100,1670,1,0,0,1,1,0,1
2,1.28,55.49,27.500000000000004,6.05,0.53,100,1670,1,0,0,1,0,0,0
2,1.63,20.39,0.0,5.16,0.36,20,334,1,0,0,0,0,0,0
2,2.37,20.1,2.5,5.51,0.43,20,334,1,0,0,0,0,0,0
2,1.71,36.55,0.0,6.8,0.61,50,835,1,0,0,0,0,0,0
2,0.45,47.75,0.0,10.58,0.84,10,167,4,0,0,0,0,0,0
2,0.83,20.55,0.0,9.76,1.32,20,334,2,0,0,0,0,0,0
2,2.75,0.07,0.0,7.9,0.53,80,1336,2,0,0,0,0,0,0
2,3.33,59.03,22.5,10.7,0.38,80,1336,2,0,0,1,0,0,0
2,1.76,59.18,0.0,5.79,0.37,80,1336,2,0,0,0,0,0,0
2,2.04,20.43,0.0,7.64,1.01,20,334,1,0,0,0,0,0,0
2,1.73,19.66,10.0,10.3,0.48,20,334,2,0,0,0,0,0,0
2,2.14,15.78,17.5,5.48,0.45,10,167,2,0,0,1,0,0,0
2,2.71,0.06,0.0,7.63,1.0,0,0,2,0,0,0,0,0,0
2,2.66,30.07,0.0,9.92,0.53,10,167,3,0,0,0,0,0,0
2,1.51,20.24,0.0,5.73,0.75,20,334,1,0,0,0,0,0,0
2,1.46,21.12,0.0,6.63,0.66,20,334,2,0,0,0,0,0,0
2,1.83,14.38,0.0,10.45,1.1,10,167,1,0,0,0,0,0,0
2,2.62,8.02,0.0,6.6,0.43,10,167,1,0,0,0,0,0,0
2,2.05,0.03,0.0,5.32,0.61,100,1670,2,0,0,0,0,0,0
2,1.61,44.33,2.5,5.28,0.57,50,835,1,0,0,0,0,0,0
2,0.45,113.35,27.500000000000004,1037.22,0.54,120,2004,1,0,1,1,1,0,1
2,2.13,16.11,0.0,11.32,0.62,10,167,1,0,0,0,0,0,0
2,0.79,50.71,0.0,10.64,0.9,50,835,1,0,0,0,0,0,0
2,0.9,39.13,0.0,10.19,0.98,10,167,4,0,0,0,0,0,0
2,2.57,9.89,0.0,10.27,0.79,10,167,2,0,0,0,0,0,0
2,0.12,99.24,2.5,6.62,0.28,100,1670,1,1,1,0,0,0,1
2,2.45,11.56,0.0,5.12,0.39,10,167,2,0,0,0,0,0,0
2,2.79,0.23,0.0,5.77,0.49,0,0,2,0,0,0,0,0,0
2,1.95,0.1,0.0,5.69,0.37,120,2004,1,0,0,0,0,0,0
2,2.36,0.11,0.0,10.25,0.44,0,0,2,0,0,0,0,0,0
2,3.37,17.18,10.0,11.45,0.61,20,334,2,0,0,0,0,0,0
2,1.47,10.31,0.0,7.39,0.85,10,167,2,0,0,0,0,0,0
2,3.38,52.5,10.0,1025.52,2.14,10,167,5,0,0,0,1,1,1
2,0.16,64.29,7.5,1043.53,0.36,50,835,2,1,0,0,1,0,1
2,1.5,17.62,0.0,9.72,1.92,10,167,1,0,0,0,0,1,0
2,0.28,113.45,25.0,5.66,2.11,120,2004,1,0,1,1,0,1,1
2,0.62,117.92,0.0,5.14,0.44,120,2004,1,0,1,0,0,0,0
2,0.57,0.07,35.0,5.85,0.89,100,1670,2,0,0,1,0,0,0
2,1.44,37.95,7.5,9.39,0.61,10,167,2,0,0,0,0,0,0
2,3.07,38.39,20.0,10.0,0.87,10,167,2,0,0,1,0,0,0
2,2.55,12.69,0.0,7.68,1.03,10,167,1,0,0,0,0,0,0
2,0.73,0.41,2.5,5.65,0.31,80,1336,2,0,0,0,0,0,0
2,1.13,90.92,15.0,5.53,0.62,120,2004,2,0,1,0,0,0,0
2,2.48,115.89,17.5,6.03,1.35,120,2004,2,0,1,1,0,0,1
2,2.68,20.54,5.0,6.92,0.45,20,334,1,0,0,0,0,0,0
2,2.54,110.54,12.5,7.26,0.74,80,1336,1,0,1,0,0,0,0
2,2.05,11.16,7.5,10.92,0.88,10,167,2,0,0,0,0,0,0
2,2.45,0.55,0.0,7.15,0.4,120,2004,1,0,0,0,0,0,0
2,0.4,50.98,32.5,7.53,0.57,80,1336,2,0,0,1,0,0,0
2,2.95,0.09,0.0,5.65,0.44,100,1670,2,0,0,0,0,0,0
2,1.45,20.75,0.0,10.49,0.92,20,334,2,0,0,0,0,0,0
2,1.49,0.15,15.0,10.5,1.13,0,0,2,0,0,0,0,0,0
2,2.97,14.11,7.5,9.93,0.48,10,167,2,0,0,0,0,0,0
2,0.36,0.08,0.0,7.15,0.5,80,1336,2,0,0,0,0,0,0
2,3.56,66.26,25.0,9.49,0.84,10,167,6,0,0,1,0,0,0
2,1.81,10.06,0.0,7.15,0.56,10,167,2,0,0,0,0,0,0
2,1.43,75.59,12.5,5.41,0.87,80,1336,1,0,0,0,0,0,0
2,0.22,112.74,20.0,3049.5,0.61,80,1336,1,0,1,1,1,0,1
2,1.83,0.08,0.0,10.08,0.5,0,0,1,0,0,0,0,0,0
2,3.1,13.55,0.0,5.66,0.38,10,167,2,0,0,0,0,0,0
2,2.27,0.08,17.5,10.15,0.88,80,1336,2,0,0,1,0,0,0
2,1.25,11.09,15.0,6.27,0.72,10,167,2,0,0,0,0,0,0
2,0.16,31.8,0.0,10.39,1.72,50,835,2,1,0,0,0,1,1
2,2.58,0.06,0.0,10.31,1.96,0,0,1,0,0,0,0,1,0
2,2.24,11.29,0.0,9.93,0.63,10,167,1,0,0,0,0,0,0
2,1.51,13.8,0.0,5.72,0.3,10,167,1,0,0,0,0,0,0
2,0.11,110.19,52.5,10.25,0.37,80,1336,2,1,1,1,0,0,1
2,3.36,50.82,25.0,10.81,1.34,50,835,1,0,0,1,0,0,0
2,2.44,0.07,0.0,10.3,0.56,0,0,1,0,0,0,0,0,0
2,1.3,68.63,0.0,8.94,1.21,10,167,6,0,0,0,0,0,0
2,0.7,57.1,32.5,6.1,0.97,120,2004,2,0,0,1,0,0,0
2,2.27,0.18,0.0,7.1,0.55,0,0,1,0,0,0,0,0,0
2,0.76,66.77,0.0,10.33,0.53,10,167,6,0,0,0,0,0,0
2,1.83,2.84,0.0,10.49,0.81,10,167,1,0,0,0,0,0,0
2,0.35,87.77,15.0,10.55,1.42,100,1670,1,0,0,0,0,0,0
2,1.6,0.14,0.0,6.84,0.85,0,0,2,0,0,0,0,0,0
2,1.66,20.13,0.0,9.99,0.75,20,334,1,0,0,0,0,0,0
2,1.73,14.03,0.0,10.24,0.82,20,334,2,0,0,0,0,0,0
2,0.65,111.96,25.0,8.77,0.29,100,1670,1,0,1,1,0,0,1
2,1.91,20.54,0.0,5.46,0.39,20,334,1,0,0,0,0,0,0
2,1.95,109.26,52.5,1015.83,1.08,100,1670,1,0,1,1,1,0,1
2,0.34,80.92,0.0,10.81,1.42,80,1336,1,0,0,0,0,0,0
2,2.36,20.98,12.5,7.23,0.65,20,334,1,0,0,0,0,0,0
2,0.96,6.46,45.0,9.81,1.04,50,835,2,0,0,1,0,0,0
2,0.22,57.19,30.0,1007.3,0.81,100,1670,1,0,0,1,1,0,1
2,2.43,10.13,7.5,6.34,0.55,10,167,1,0,0,0,0,0,0
2,0.92,51.79,0.0,5.69,0.28,50,835,1,0,0,0,0,0,0
2,2.34,13.02,0.0,10.31,0.62,10,167,1,0,0,0,0,0,0
2,2.48,29.51,12.5,10.28,0.54,10,167,2,0,0,0,0,0,0
2,2.69,20.49,0.0,9.05,1.1,50,835,1,0,0,0,0,0,0
2,2.48,8.8,0.0,6.63,0.61,10,167,1,0,0,0,0,0,0
2,3.22,111.69,17.5,7.81,1.14,80,1336,2,0,1,1,0,0,1
2,1.76,57.0,10.0,5.99,0.39,100,1670,1,0,0,0,0,0,0
2,3.07,4.66,2.5,5.19,0.44,10,167,2,0,0,0,0,0,0
2,1.24,9.42,0.0,10.63,1.42,10,167,1,0,0,0,0,0,0
2,5.15,39.85,17.5,9.73,0.83,10,167,3,1,0,1,0,0,1
2,1.93,11.32,0.0,9.55,0.54,10,167,2,0,0,0,0,0,0
2,0.72,58.43,7.5,3051.32,1.14,80,1336,2,0,0,0,1,0,0
2,1.48,9.67,0.0,11.17,0.95,10,167,1,0,0,0,0,0,0
2,1.31,43.85,20.0,7.44,0.58,50,835,2,0,0,1,0,0,0
2,1.48,19.59,0.0,9.89,0.92,20,334,1,0,0,0,0,0,0
2,2.95,58.02,12.5,7.8,0.38,120,2004,1,0,0,0,0,0,0
2,1.96,69.62,15.0,1031.94,1.0,80,1336,1,0,0,0,1,0,0
2,0.3,124.35,0.0,7.12,1.57,120,2004,1,0,1,0,0,1,1
2,2.38,60.52,15.0,10.34,4.16,10,167,6,0,0,0,0,1,0
2,1.85,0.29,0.0,10.25,0.61,0,0,1,0,0,0,0,0,0
2,0.21,73.27,25.0,9.08,0.72,100,1670,1,0,0,1,0,0,0
2,0.13,10.64,7.5,1019.97,0.78,50,835,2,1,0,0,1,0,1
2,0.47,63.06,2.5,9.88,1.13,10,167,6,0,0,0,0,0,0
2,0.68,42.8,7.5,9.99,0.59,50,835,1,0,0,0,0,0,0
2,1.43,7.18,0.0,9.88,1.56,50,835,2,0,0,0,0,1,0
2,0.29,96.61,0.0,5.53,0.73,100,1670,1,0,1,0,0,0,0
2,1.8,43.18,17.5,9.88,0.94,50,835,1,0,0,1,0,0,0
2,1.43,59.36,7.5,7.53,0.64,80,1336,1,0,0,0,0,0,0
2,2.02,0.07,0.0,10.77,0.53,0,0,1,0,0,0,0,0,0
2,1.77,19.35,0.0,4.86,0.57,20,334,2,0,0,0,0,0,0
2,2.26,11.49,10.0,7.09,0.91,10,167,1,0,0,0,0,0,0
2,0.45,55.97,30.0,6.2,0.4,100,1670,1,0,0,1,0,0,0
2,1.78,20.17,2.5,6.81,0.6,20,334,2,0,0,0,0,0,0
2,0.29,0.08,0.0,5.02,0.33,100,1670,2,0,0,0,0,0,0
2,6.93,21.01,0.0,9.84,1.07,20,334,1,1,0,0,0,0,0
2,1.75,19.96,0.0,6.53,0.51,20,334,2,0,0,0,0,0,0
2,0.11,60.87,2.5,7.83,1.02,50,835,2,1,0,0,0,0,0
2,1.51,20.72,0.0,10.21,1.57,20,334,2,0,0,0,0,1,0
2,2.14,10.07,0.0,8.07,0.58,10,167,2,0,0,0,0,0,0
2,1.53,16.06,0.0,12.51,1.21,10,167,1,0,0,0,0,0,0
2,1.64,4.06,0.0,9.98,1.34,10,167,1,0,0,0,0,0,0
2,2.48,20.18,0.0,4.48,0.56,20,334,2,0,0,0,0,0,0
2,0.36,59.67,0.0,5.57,0.49,120,2004,1,0,0,0,0,0,0
2,1.17,0.06,5.0,5.72,0.34,100,1670,2,0,0,0,0,0,0
2,2.49,100.18,5.0,8.54,0.67,10,167,4,0,1,0,0,0,0
2,0.7,50.13,5.0,7.14,1.1,50,835,1,0,0,0,0,0,0
2,3.67,19.95,10.0,4.97,0.46,20,334,2,0,0,0,0,0,0
2,0.96,40.69,12.5,5.24,7.33,50,835,1,0,0,0,0,1,0
2,1.6,9.75,0.0,10.73,0.8,20,334,1,0,0,0,0,0,0
2,1.91,9.36,7.5,10.46,0.79,10,167,1,0,0,0,0,0,0
2,1.43,9.63,0.0,9.84,1.21,10,167,1,0,0,0,0,0,0
2,0.27,74.27,0.0,5.42,0.68,50,835,2,0,0,0,0,0,0
2,2.38,85.48,22.5,11.95,0.59,10,167,6,0,0,1,0,0,0
2,1.23,57.3,30.0,5.4,0.48,80,1336,2,0,0,1,0,0,0
2,0.28,101.64,7.5,5.29,1.22,120,2004,2,0,1,0,0,0,0
2,1.63,12.91,0.0,9.84,1.27,10,167,1,0,0,0,0,0,0
2,0.3,79.21,2.5,5.59,0.91,80,1336,1,0,0,0,0,0,0
2,1.84,107.84,22.5,7.54,0.64,50,835,2,0,1,1,0,0,1
2,3.1,9.96,10.0,10.36,1.31,10,167,1,0,0,0,0,0,0
2,0.42,76.48,2.5,7.17,0.61,80,1336,2,0,0,0,0,0,0
2,0.52,113.58,47.5,10.79,0.92,80,1336,2,0,1,1,0,0,1
2,2.15,0.07,0.0,7.61,0.53,0,0,1,0,0,0,0,0,0
2,1.59,14.51,15.0,7.8,0.31,10,167,2,0,0,0,0,0,0
2,1.89,20.04,10.0,7.12,0.59,20,334,2,0,0,0,0,0,0
2,0.88,38.12,0.0,5.25,1.91,50,835,1,0,0,0,0,1,0
2,1.56,25.42,15.0,9.6,0.55,10,167,4,0,0,0,0,0,0
2,2.08,69.8,15.0,9.51,1.44,10,167,6,0,0,0,0,0,0
2,4.910406467018646,35.31506920611529,19.638651460027518,10.215310540162642,0.9966058904741661,10,167,3,1,0,1,0,0,1
2,3.921240340338925,72.16005124955403,34.07315718760047,3050.96360834751,0.6522194715628015,80,1336,1,0,0,1,1,0,1
2,4.693099140509521,53.33237882129816,16.05630371815494,10.549720917420224,1.8664871076428147,10,167,2,1,0,0,0,0,1
2,1.15608663357396,58.36889479692874,8.91336642604006,1011.3555482987531,1.582277845215909,100,1670,1,0,0,0,1,0,1
2,1.5358688874182174,113.27128809366238,21.103277814544565,5.572400921286218,1.145647838601623,120,2004,1,0,1,0,0,0,1
2,2.059925111309001,46.48468217199633,18.938870831222626,1014.3302538581348,3.6449248586414966,80,1336,1,0,0,0,1,0,1
2,6.23398837237457,18.25177876644948,17.933004674775038,10.051568448778404,1.358203008947692,10,167,1,1,0,1,0,0,1
2,4.642666316970712,46.31053520188533,40.0,2168.5747538554306,0.6266148350762027,80,1336,2,0,0,1,1,0,1
2,1.385439439911989,112.23134573904237,25.01869082003283,7.244594450333531,0.5625645450214785,80,1336,2,0,1,1,0,0,1
2,1.022982642175714,89.92962576834559,32.881124264608374,8.046763628448405,0.871711874493163,100,1670,1,0,0,1,0,0,1
2,1.0302486984511747,106.5524117944107,14.763202381507329,7.5688486028179565,0.8681670157679459,69,1153,1,0,1,0,0,0,1
2,4.715922639120516,35.70312755302951,17.61326002443011,10.106795601465807,1.3973479951139778,19,326,1,1,0,1,0,0,1
2,1.2225697293672353,65.09471186089861,27.809594609698536,9.092354048314558,1.7725077477074707,80,1336,1,0,0,1,0,1,1
2,0.5103298901857671,121.1200578916422,11.22420252857291,5.4546216370857366,0.8004127595428334,120,2004,1,0,1,0,0,0,1
2,4.948745496567965,53.16801676461492,14.984318707099561,10.278418521852297,1.7809275287163657,10,167,1,1,0,0,0,0,1
2,0.6396343110654604,57.97766987044207,1.076326191087583,1016.9959447199857,5.54176353918935,75,1264,1,0,0,0,1,0,1
2,0.8104600172992251,74.96182260160154,37.679393288573735,1010.2113433222904,0.9021527194628849,100,1670,1,0,0,1,1,0,1
2,0.7588185244794141,114.81439360365233,20.81467213540715,9.799590654689842,1.277737376043913,100,1670,1,0,1,1,0,0,1
2,0.19810712359623212,36.61490563513133,0.7056874740042984,10.406936499376103,1.7235284373700215,50,835,2,0,0,0,0,1,1
2,0.11284838556412631,103.5595751192677,1.606048195515789,6.637879036089684,0.6268533001398738,100,1670,1,1,1,0,0,0,1
2,0.29946977378916756,124.06102671509632,0.6627827635405453,7.0812934866092325,1.5843161076924759,120,2004,1,0,1,0,0,1,1
2,0.5325518139924917,89.13179921422775,20.502145344571215,1013.1826376277753,3.0593636751157898,80,1336,1,0,0,0,1,0,1
2,0.3242517153688875,13.141962093951278,7.649424396437606,1020.3017221600915,0.8612868716620576,47,795,2,0,0,0,1,0,1
2,0.602073239911709,56.82490779297326,36.367887331861816,1014.4065622623577,0.9118861973097891,100,1670,1,0,0,1,1,0,1
2,0.8742882269444567,74.58100222670836,19.736601475869563,1025.462032638412,1.5304248155163047,120,2004,1,0,0,0,1,0,1
2,0.4773756379588707,105.63442201253554,11.25754382274118,5.365211227036753,0.8112216551476705,100,1670,1,0,1,0,0,0,1
2,0.6003305928259227,120.01397449003656,13.747586714745498,5.491631271816267,0.760038612564072,120,2004,1,0,1,0,0,0,1
2,1.017925472880823,119.48355581357366,5.679790133550814,6.34754854183709,1.660876642136813,120,2004,1,0,1,0,0,1,1
2,5.172104894164523,58.445724477857794,38.8292961755305,3051.458246802255,0.6664878885265916,80,1336,1,0,0,1,1,0,1
2,1.1965983310926296,118.4276727087296,7.673717027490322,5.369806657085899,1.4649789161373883,120,2004,1,0,1,0,0,0,1
2,0.41319520829986917,109.90044739480228,35.0,1013.6757951346877,0.6923285661705652,78,1316,2,0,0,1,1,0,1
2,2.524446733281372,55.15513977738056,34.52675320978032,5.389464935804393,1.6200831098582604,120,2004,1,0,0,1,0,0,1
2,0.5498987234943115,70.70150386381057,27.552610815133797,5.587685124134113,0.8755167695256849,120,2004,2,0,0,1,0,0,1
2,0.5214421399014204,109.32288287118789,26.112773982496694,1036.6123950043336,0.714790478205417,120,2004,1,0,0,0,1,0,1
2,0.1572100603719052,20.845788199492,10.271395037879234,1019.3310674712671,0.7709299798760316,53,885,2,0,0,0,1,0,1
2,1.2867200713827212,70.57956610322265,25.136663692386623,10.108067796893083,1.779635563486969,80,1336,1,0,0,1,0,1,1
2,4.918614746147976,38.59579748116127,17.5,9.838609404869318,1.0037750477909082,10,167,3,0,0,1,0,0,1
2,0.5796729556469888,89.41729403372241,35.24510160124535,8.213430695763382,1.4384966132918215,80,1336,1,0,0,1,0,0,1
2,0.921463875142448,55.35100218793656,2.8475459384091595,1012.8176693182104,5.994258292992263,80,1336,1,0,0,0,1,0,1
2,0.43387657982068445,108.61992894893201,45.10768277279679,9.67996480657771,1.034831226905754,80,1336,2,0,1,1,0,0,1
2,1.6054293004159346,115.56354614397877,10.560941387118183,5.399833790426029,1.647451495665869,120,2004,1,0,1,0,0,0,1
2,0.23163596786791293,111.4409605472262,19.534561285283484,3002.0962305029093,0.74497722726779,80,1336,1,0,0,0,1,0,1
2,0.12185531517411063,91.37346366177087,8.993603109387248,6.73502954079486,0.5360334940272686,100,1670,1,1,0,0,0,0,1
2,0.3019314126117739,24.588992803535564,15.251006306268497,1018.5156293621693,0.771544356756798,50,835,2,0,0,0,1,0,1
2,1.7932115516621017,109.62613251677523,35.59082413810828,5.934337131089784,0.8831741724297453,80,1336,1,0,1,1,0,0,1
2,1.042226590559528,91.41671403433654,32.725528740231134,1035.1715927338294,0.35884833700532087,120,2004,1,0,0,1,1,0,1
2,0.17307971604741973,121.36839044095875,9.2764288305029,5.427291146691443,1.399294583138731,120,2004,1,0,1,0,0,0,1
2,0.25549440270541063,106.8641207270791,25.612639932364736,5.63794496243487,1.9445872182615214,120,2004,1,0,0,1,0,0,1
2,2.71547378798224,55.287477495786675,38.67535521901943,1015.5999903973943,0.6017914747435337,80,1336,2,0,0,1,1,0,1
2,0.296069618607697,122.20794214119485,4.9129767403787845,6.833082158361879,1.6761202975921818,120,2004,1,0,1,0,0,1,1
2,3.241538962822861,95.72244889398586,17.5,7.142292152491315,1.685653724845807,80,1336,2,0,0,1,0,0,1
2,1.0149812242848577,93.18511891286256,44.11280228110139,7.301774395437797,1.6583778098613275,80,1336,1,0,1,1,0,0,1
2,1.2850860652297202,110.51529304160933,35.00614751640858,1029.1260266652218,0.7069405760068189,100,1670,1,0,1,1,1,0,1
2,1.1596728335918292,105.21583205529362,35.56834739267264,1025.9320941334458,0.49545322085861887,103,1734,1,0,0,1,1,0,1
2,0.22037979431997307,56.694178515275155,30.047474289996632,1007.5627227208413,0.81,100,1670,1,0,0,1,1,0,1
2,0.8227118184405675,81.95659749260234,22.779190654050037,5.455242939385315,1.1767438536805408,120,2004,1,0,0,0,0,0,1
2,4.898807234317113,56.47268126906503,14.360090428963916,10.414500286485866,2.01688581785164,10,167,1,1,0,0,0,0,1
2,0.34633911057807926,101.26278519053389,28.85135642040491,1020.3152524738143,0.6162162770448589,73,1223,2,0,0,0,1,0,1
2,5.129551787584819,31.391256130920098,11.535938045572188,9.927666053346751,1.21169996508338,10,167,2,1,0,0,0,0,1
2,0.6776166941836079,113.01518396622299,17.673106685991087,5.848822327808102,0.6974714197490413,100,1670,1,0,1,1,0,0,1
2,1.589117483292495,108.07671097272659,8.915872481569881,10.01622248403076,2.4359429869785187,80,1336,1,0,1,0,0,0,1
2,3.274112636248681,54.70485199668253,26.789940273750183,9.040148097053693,1.14331354956502,62,1049,1,0,0,1,0,0,1
2,0.5279965086411536,112.46132402304308,13.140243686351203,5.821515693395608,0.7919686486471866,100,1670,1,0,1,0,0,0,1
2,1.209454855109838,64.16087874523251,38.772714370423415,1035.4269051686088,0.6799077232648817,120,2004,1,0,0,1,1,0,1
2,2.23559643085884,116.93670726868471,15.695332295371179,5.95368833706141,1.311844168530705,120,2004,1,0,1,0,0,0,1
2,0.46721363462732146,112.50229761601162,28.781911333494584,6.961600267721208,0.27354920958761597,80,1336,2,0,1,1,0,0,1
2,2.8776274790757292,83.60209568093208,30.105047448957144,3050.5509249346915,0.6403151423468715,80,1336,1,0,0,1,1,0,1
2,2.690695271628612,111.84618828050303,19.66928167365323,7.646870018141277,0.9733991674634319,80,1336,2,0,1,1,0,0,1
2,2.535069053279185,54.94197845586357,18.00124002576529,1022.0922687729621,1.6951310545674496,22,380,4,0,0,0,1,0,1
2,0.29492388556172533,124.7444880333529,1.3059596437974932,5.303581980295494,1.0625366494880017,120,2004,1,0,1,0,0,0,1
2,0.5702815108607469,56.85528655628862,35.83802518101245,1013.8152361020099,0.9034084028961992,100,1670,1,0,0,1,1,0,1
2,0.17758635603620887,112.63031606350671,29.891623485197016,6.916601901365283,0.1846601901365283,80,1336,1,0,1,1,0,0,1
2,0.21124128523138797,108.4821446743677,51.79036482314448,9.970876830436827,0.49962669230560874,80,1336,1,0,1,1,0,0,1
2,1.1236514670714455,56.53630788953666,41.34853292855466,1022.7565093243869,1.1038591393038188,100,1670,1,0,0,0,1,0,1
2,0.143862727518083,76.8631080204848,28.403431812047927,5.537476454766275,1.19107341074706,120,2004,1,0,0,1,0,0,1
2,1.0625588686982648,54.28796676009255,30.87701392915116,7.46380914148352,1.7580024786820323,78,1310,1,0,0,0,0,1,1
2,0.8872874985718553,116.01314895309471,19.87651786734389,10.9052543075853,0.5971578582037645,80,1336,1,0,1,1,0,0,1
2,1.8661239753545247,56.875331086380676,24.335947203082153,1019.3784802181996,1.3429213355086325,32,550,3,0,0,0,1,0,1
2,0.8816972047717171,120.40697654233854,4.602034847877509,6.494123260688658,1.6436325575660402,120,2004,1,0,1,0,0,1,1
2,2.7743682258227644,44.11621149422412,12.409975755487805,10.362422276098917,1.1463833428574526,50,835,1,1,0,0,0,0,1
2,0.9776845675283354,66.73305013165898,36.33486535377419,1032.2111001544156,0.7366973070754839,120,2004,1,0,0,1,1,0,1
2,1.628609063731995,112.86604911774768,30.07003181945126,7.531361835904945,0.7576938000186184,80,1336,1,0,1,1,0,0,1
2,1.8749630878459234,110.75519934605292,17.5,6.4649630878459226,0.6087104196991396,80,1336,1,0,1,1,0,0,1
2,0.4629579046835952,87.49105997286766,38.142808970782596,7.31,1.3988602258699137,80,1336,1,0,0,1,0,0,1
2,0.6941473896196867,111.30025235406956,41.56315717205614,6.879599523994308,0.5558736398861097,80,1336,1,0,1,1,0,0,1
2,4.587187361278984,17.45780663215085,3.681682501095306,10.429917658607105,2.101474937187921,10,167,2,0,0,0,0,1,1
2,0.9411407603779784,115.52562751378126,18.85992371189137,11.128045192597602,0.8079172436156581,80,1336,1,0,1,0,0,0,1
2,0.724386233517284,114.09088337089753,18.736050761756452,7.745114558973514,1.0503688529031425,100,1670,1,0,1,1,0,0,1
2,1.1140291132011653,57.58067972981034,33.219484500208054,7.309424412399833,1.7588488247996672,80,1336,1,0,0,1,0,1,1
2,1.1700712829145994,111.59256943712512,24.369111029046692,7.194081935794444,0.4971224905958288,100,1670,1,0,1,1,0,0,1
2,1.2418142701922728,111.62490550006957,31.91530501373377,1032.3806838205383,0.9882072437502268,100,1670,1,0,1,1,1,0,1
2,0.126631125482749,94.73768586607497,0.0,5.231919223931554,1.134598456241421,100,1670,1,1,1,0,0,0,1
2,0.6570183002510416,112.26880521104583,22.36813740585941,7.636544509456786,0.41282025439322756,100,1670,1,0,1,1,0,0,1
2,0.3853603147848453,113.38444247080054,25.58533508213803,5.668194691149933,1.9215221035515544,120,2004,1,0,1,1,0,0,1
2,4.704355674667474,39.06155234748861,19.64252079486791,10.175644325332525,0.9071307486152448,10,167,3,1,0,1,0,0,1
2,1.2904396056591816,37.125467593748844,5.366010786356874,10.378075531585875,1.4719710569861713,50,835,1,1,0,0,0,0,1
2,5.127093083798976,30.374172331509598,10.818816108034568,9.951433523276568,1.2575957690857875,10,167,2,1,0,0,0,0,1
2,1.1848324168322981,73.6075031102562,26.516840141841854,9.871800373050048,1.7294386619386048,80,1336,1,0,0,1,0,0,1
2,1.2318734870468522,82.28632869026924,34.36919895413752,1033.3783750384473,0.3035499057121993,120,2004,1,0,0,1,1,0,1
2,1.5574343145594975,111.89767408449812,38.737885856761,7.257115577446035,0.8569127781686792,80,1336,1,0,1,1,0,0,1
2,2.3854080917265486,115.67171098090742,18.40953757955242,6.008171098090743,1.2881514445904356,120,2004,1,0,1,1,0,0,1
2,1.5816240796405767,106.58578223620393,17.5,6.000609736559318,0.626116908099948,80,1336,1,0,0,1,0,0,1
2,0.9773071367379824,66.74859590421238,36.328027839456205,1032.2044048603955,0.7365605567891241,120,2004,1,0,0,1,1,0,1
2,1.2840863905736657,58.234231566211754,31.279768290371504,7.275020024323982,1.771388829289866,80,1336,1,0,0,1,0,1,1
2,1.3896754281703838,110.41792442257841,17.5,5.979675428170383,0.41702179412730156,80,1336,1,0,1,1,0,0,1
2,1.1310891498440245,57.03716710993278,45.10020316124118,1023.9303109394946,1.0504008126449649,100,1670,1,0,0,1,1,0,1
2,1.0555572559683142,102.904399711407,9.0643230106097,10.65994166366049,2.1480135037136816,61,1022,2,0,1,0,0,1,1
2,0.5139082902891965,41.78692014165957,24.8073409556605,1016.7225134788652,0.7611192644120067,50,835,2,0,0,0,1,0,1
2,1.0234395456203778,110.72868899098032,19.84000540928122,6.008432458707047,0.31817592643377546,80,1336,1,0,1,1,0,0,1
2,3.2215825426784845,110.51680836101701,17.5,7.7609411769669885,1.1800910811882672,80,1336,2,0,0,1,0,0,1
2,1.2744611808433868,71.00656886177454,24.650026595571774,10.184358148948204,1.7794400425529149,80,1336,1,0,0,0,0,1,1
2,3.654426423047896,23.45023404352561,17.5,10.66543902117528,2.369121386015909,10,167,4,0,0,1,0,0,1
2,1.2222732746044351,65.0693649786792,27.82194689148187,9.08766018123689,1.7724748082893818,80,1336,1,0,0,1,0,1,1
2,0.15749497849903993,59.81018654911642,7.5,1041.5627231145793,0.39507030101344087,50,835,2,1,0,0,1,0,1
2,1.5733782879173681,86.01865186207239,48.60007102873014,1020.0954080291489,1.019829667300408,100,1670,1,0,0,1,1,0,1
2,1.460113827386396,108.85373299318427,11.91595750264195,8.546180823705445,1.706922326858006,80,1336,1,0,1,0,0,0,1
2,3.0915290337120562,41.4999233002259,13.181665069352322,595.087380537648,2.3648376649008975,10,167,5,0,0,0,0,1,1
2,0.23688961391326308,99.168730677248,41.1705701863158,7.585318107821475,1.1947824904362099,80,1336,2,0,1,1,0,0,1
2,1.1310731077852934,94.20382527160217,44.44401258846924,7.13876365065608,1.5976672226481263,80,1336,1,0,1,1,0,0,1
2,1.4433336321513293,113.7071667850121,27.610623435637113,8.420028065256457,0.7216224770560109,80,1336,1,0,1,1,0,0,1
2,4.85231469197684,54.651132294824535,22.358079440407263,10.34329255698255,0.6923754727964868,50,835,1,0,0,0,0,0,1
2,1.9893600621595595,45.33581892288896,35.31339358005874,1012.0873676156328,0.6824785540785903,89,1492,1,0,0,1,1,0,1
2,1.1139412292977287,57.534641119252974,33.20379094602297,7.309436967243181,1.7588739344863633,80,1336,1,0,0,1,0,1,1
2,4.691785316459398,39.03931248296663,19.70295520932982,10.188214683540602,0.9093063875358736,10,167,3,1,0,1,0,0,1
2,0.45470104987108423,110.2320286730034,27.500000000000004,1035.6145914690248,0.5423505249355421,120,2004,1,0,0,1,1,0,1
2,0.7941313323276697,94.23149596955342,30.0,5.642302575529016,0.5912053214498235,120,2004,1,0,0,1,0,0,1
2,1.5504911623625826,105.85661050706295,19.32556099081779,8.324721323069841,0.9269692864300718,50,835,2,0,1,0,0,0,1
2,0.14249893704708522,91.89839640187294,5.2078904362855045,8.15806901237519,1.0033432542272047,100,1670,1,1,1,0,0,0,1
2,5.130329725206762,39.81519874459658,17.594568628813647,9.749670274793239,0.8334044706372912,10,167,3,1,0,1,0,0,1
2,1.1349948231809481,57.17720750972357,30.005176819051837,1018.7693196518967,1.2711736419189854,100,1670,1,0,0,0,1,0,1
2,0.9871434949782605,112.69142032355698,27.142879137181392,7.02856227893254,1.3628568129422791,100,1670,1,0,1,1,0,0,1
2,0.2362125056501131,63.74337237326816,11.113523974789842,1039.7561669616014,0.4112463400061105,50,835,2,0,0,0,1,0,1
2,4.987145914281052,20.373940540614917,4.471916770389052,10.296584249688832,1.7196962863249639,10,167,2,1,0,0,0,0,1
2,3.16225938692176,111.54362570697363,17.132225394406113,7.916654635622226,1.2003150353173972,80,1336,2,0,1,0,0,0,1
2,1.9820113774590717,111.20917073925557,35.1519309336227,5.811258552436675,0.8310939027220834,80,1336,1,0,1,1,0,0,1
2,1.1218072703975417,56.39235082871519,44.8493941335382,1024.3942249979182,1.0427709184098335,100,1680,1,0,0,1,1,0,1
2,0.5294951806291268,113.45569945358234,47.17630066037068,10.576790034964153,0.9001464405027351,80,1336,1,0,1,1,0,0,1
2,0.45417101808308624,113.47068280839737,23.63928892122589,5.633874347287537,2.0729886586573443,120,2004,1,0,1,0,0,1,1
2,0.8352218096329989,84.35282405570783,34.09626386357875,1036.4706644250975,0.682479299453301,120,2004,1,0,0,1,1,0,1
2,0.159788943883579,90.6206623639786,12.67588009701749,12.472924475548712,0.8457688671821737,100,1670,1,1,0,0,0,0,1
2,0.24947550734990387,110.26305859908804,51.20856011713052,9.917915458690706,0.4039464197782835,80,1336,1,0,1,1,0,0,1
2,1.437856398345664,110.96585005651264,37.230728577993396,5.794614571559868,0.6649260852284886,80,1336,1,0,1,1,0,0,1
2,1.1471537131124359,113.29367165660885,29.07907606857297,5.716493115672404,0.5147347829028325,120,2004,1,0,1,0,0,0,1
2,3.011616782545763,62.88142693296659,23.807744610425374,10.245842388049374,1.2554076285871638,65,1097,1,0,0,1,0,0,1
2,2.456913085609462,76.85696572383623,23.059020427971063,7.039358585601837,1.8481158093389367,80,1336,1,0,0,1,0,1,1
2,1.213467644211692,85.66553210159265,38.914973779692346,8.170158749503996,1.7521700524406154,80,1336,1,0,0,1,0,1,1
2,0.9690826124110914,110.6399956541201,44.54553136656397,8.20456520854502,0.5790888897931756,80,1336,1,0,1,1,0,0,1
2,5.127653484805044,30.605991547686454,10.98226640147111,9.946016313551244,1.2471349503058489,10,167,2,1,0,0,0,0,1
2,3.5521556605576445,43.09350610105676,15.4215715596155,10.855058858715386,2.690784284403845,10,167,3,0,0,0,0,1,1
2,1.484611140239152,55.337551734057925,31.51158010490989,7.609491228212303,1.6532506513302683,77,1286,1,0,0,1,0,0,1
2,0.6922651337175558,111.89682953132537,25.227231901707288,8.760001796324879,0.2940901742307312,100,1670,1,0,1,1,0,0,1
2,0.6733257672854388,115.2648169347169,22.8096318959223,9.96185828475341,0.489185828475341,80,1336,1,0,1,1,0,0,1
2,5.1242139717198105,39.80437856535043,17.6239712898086,9.75578602828019,0.8344629664331097,10,167,3,1,0,1,0,0,1
2,0.3042331025130782,124.67927092024738,1.3717027013635459,5.304265708094181,1.0666916107261761,120,2004,1,0,1,0,0,0,1
2,0.38327180886499934,100.47435748377853,18.19570940982141,10.805843744581434,0.5893887859678578,100,1670,1,0,1,0,0,0,1
2,0.19681856369221515,102.6491876107333,44.74834252748079,8.426810162463482,0.9343206639993984,80,1336,2,0,1,1,0,0,1
2,4.020974977519242,71.06657282252192,34.45237634037735,3051.0030471393993,0.6533571290211321,80,1336,1,0,0,1,1,0,1
2,2.1520752400668437,130.79569796524854,26.089091302071793,8.611687183127632,0.6337647945154742,100,1670,1,0,1,1,0,0,1
2,5.529574905583566,27.332902892451045,18.840753987650046,10.138712382814404,1.1657601546181906,10,167,2,1,0,1,0,0,1
2,1.3578640530083188,53.897910973753795,18.983947410846717,1033.9117523531309,0.43420396788547105,60,1012,2,0,0,0,1,0,1
2,1.2713981957390261,105.70507787083898,37.08171944074564,6.399496465512639,1.0173547496671076,80,1336,1,0,1,1,0,0,1
2,0.6684453072607004,112.77159351947081,18.083009777237386,5.791082877396901,0.6127928770622553,100,1670,1,0,1,1,0,0,1
2,3.4624302422182893,34.259330137827874,39.16783124915041,1016.4037150039418,0.575377090390105,79,1323,2,0,0,0,1,0,1
2,0.15917264466877618,91.14212816794732,12.327634305995035,12.429470747760881,0.8456535947633628,100,1670,1,1,1,0,0,0,1
2,0.5020992398696751,105.59121216581661,21.227021425246814,9.898875189566153,0.4560110572891401,100,1670,1,0,1,0,0,0,1
2,3.8365639024569056,32.73064025495008,17.5,10.34651082129574,1.8164173140731814,10,167,4,0,0,1,0,0,1
2,4.66714331395436,47.407961410082514,17.678542877852543,10.426430741283207,1.47714970931539,10,167,3,1,0,0,0,0,1
2,0.2435850379787613,19.85528447470311,12.62063695805891,1019.0091823016878,0.7744138505912085,50,835,2,0,0,0,1,0,1
2,4.65837419447015,37.86439136323211,19.211827931384697,10.202709675883082,1.0776344137230605,13,219,3,1,0,1,0,0,1
2,0.4431029066235043,122.48640987510754,4.8785081803467385,6.893962454310601,1.3959998749009663,120,2004,1,0,1,0,0,0,1
2,1.1253443689303695,56.51438072809774,44.55463592246921,1025.0874963103524,1.0286225242785223,101,1699,1,0,0,1,1,0,1
2,1.6376924569324127,106.45401586722996,20.281715536539615,8.088359919367408,0.8405329154968192,50,835,2,0,1,0,0,0,1
2,6.472611831786333,15.175504168568981,17.62550021677019,10.022048020809939,1.4233939540447196,10,167,1,1,0,1,0,0,1
2,1.1623828174022957,13.173729504104152,36.3714024580582,1029.8519260265268,0.7441726820132064,94,1578,2,0,0,1,1,0,1
2,1.3695852647315578,71.5945759079733,24.368917888234222,1032.0300764403462,1.354705755298504,120,2004,1,0,0,0,1,0,1
2,1.5603911841139166,20.778211199684606,21.092898679445113,1018.4392304871764,0.6921689623789701,62,1044,2,0,0,0,1,0,1
2,1.1060013316894146,109.31182802959997,30.0,5.713182120838503,0.5174905943279565,120,2004,1,0,0,1,0,0,1
2,1.354116943649469,113.29180833149877,28.325798618755105,5.770180833149878,0.6138456939246529,120,2004,1,0,1,1,0,0,1
2,1.9142772506161103,106.96876998571939,50.352113169956006,1015.5654707798789,1.105322455259466,100,1670,1,0,0,0,1,0,1
2,1.4752539445904946,55.99083418213696,8.22509179867443,1028.613455791574,2.9866998108976395,120,2004,1,0,0,0,1,0,1
2,5.1130867701819485,18.682261591007325,17.5,10.337523129183904,1.9092853075912204,10,167,2,0,0,1,0,0,1
2,1.33410040045927,76.83450753218112,29.790216596500404,1033.1774203851503,0.8066617404265046,120,2004,1,0,0,0,1,0,1
2,1.3182186581040922,109.66567869575935,37.372761293149445,1026.6339823583137,0.4915787223234005,100,1670,1,0,1,1,1,0,1
2,1.6393329742343548,113.61142079069033,14.380211138794103,5.456100053864847,1.8211417429751995,120,2004,1,0,1,0,0,1,1
2,1.3730564712366158,71.08199441405975,23.838594672183717,1031.9178407633494,1.4083166113210643,120,2004,1,0,0,0,1,0,1
2,0.24476436573475915,24.860120533271942,33.095545716844896,1024.4307499970196,0.81,100,1670,1,0,0,1,1,0,1
2,1.9660032695305016,111.3343391392111,34.548715967219046,5.91306396384485,0.8233811675192126,80,1336,1,0,1,1,0,0,1
2,1.8768527600458529,111.04106465235942,32.2370811548749,5.759472864611857,0.7542170831051401,80,1336,1,0,1,1,0,0,1
2,1.588991668480048,104.91945033211877,15.329247667555087,5.429700277717331,1.606711991758249,120,2004,1,0,0,0,0,0,1
2,0.13187841041230178,100.44946204940508,6.641335502562871,9.772831946797373,1.0321641955159377,100,1670,1,1,1,0,0,0,1
2,0.36326155614545597,99.61269149932474,17.685243779220816,10.958575061257132,0.6118492737142841,100,1670,1,0,1,0,0,0,1
2,1.5125066190371597,115.04685932768014,19.316482320173236,10.251352238312826,0.7549057481232743,80,1336,1,0,1,1,0,0,1
2,0.9337043112155476,116.02079370218074,20.845632449763908,10.864444808151974,0.6224026092632039,80,1336,1,0,1,1,0,0,1
2,0.25294447525101066,106.1788277237091,25.676388118724734,5.63565002772591,1.9273752079443218,120,2004,1,0,0,1,0,0,1
2,0.24413038443065266,19.89952905815246,12.645222248922867,1019.0045692071112,0.7743870302739023,50,835,2,0,0,0,1,0,1
2,1.649878599513036,107.71073122618891,7.5028232671386945,10.70861659910204,2.7793139460852974,80,1336,1,0,1,0,0,0,1
2,1.1202017897755658,56.336961747257014,44.983184185369524,1024.0795507960108,1.0491928408977373,100,1671,1,0,0,1,1,0,1
2,1.222005484804598,105.33392692867456,37.22284147198686,6.443526539259901,1.0300557324788175,80,1336,1,0,1,1,0,0,1
2,0.10462025169638979,108.52936797538057,0.5775314620487237,6.658449370759025,1.025917792725095,100,1670,1,1,1,0,0,0,1
2,1.2542452474728947,110.16412369551077,17.77617135058786,5.905555287303399,0.36601793833409585,78,1308,1,0,1,1,0,0,1
2,0.5777997179242003,108.6168998585249,28.62764456991942,1036.7779633285916,0.500908321576127,120,2004,1,0,0,1,1,0,1
2,1.0479170880824826,96.65153902560415,35.64488923692602,1021.7509164465306,0.5616248735752553,100,1670,1,0,0,1,1,0,1
2,3.1912357926247252,80.67892865102571,37.74727932344953,2133.393579444795,0.6790108827062019,80,1336,2,0,0,1,1,0,1
2,3.292171597696983,49.15089636512174,10.968695613636212,894.4696910106871,2.2084544900302925,10,167,5,0,0,0,0,1,1
2,0.2994917228424103,59.582563010638324,31.033851886678747,1007.691944737483,0.822406222640145,100,1670,1,0,0,1,1,0,1
2,0.7358659027283361,46.14815359745233,19.7006756196536,8.52298212589129,1.7442469853780351,68,1138,1,0,0,0,0,1,1
2,2.1555270715947787,108.72027480118834,21.356785972482687,7.601733557485935,0.7543214027517313,56,949,2,0,1,1,0,0,1
2,0.33728163042083736,54.19986230298839,3.2829931559414325,10.468791835742595,1.7364149657797072,50,835,2,0,0,0,0,1,1
2,1.3317244208013177,106.15838636202133,36.909358797710524,6.3457199448856825,1.001842291793947,80,1336,1,0,1,1,0,0,1
2,1.4172750559672576,75.28755266547824,47.6862203852463,1021.0994840849504,1.0607448815409852,100,1670,1,0,0,1,1,0,1
2,1.0245769631201485,111.75854026248355,28.58053009750464,5.805932722340112,1.2427808373042524,100,1670,1,0,1,1,0,0,1
2,3.5206074214897587,69.2047903222905,18.394664944909994,10.435243773278088,1.0379852168038486,50,835,1,0,0,0,0,0,1
2,0.8785507622679274,84.44552311947378,31.09769224322155,1028.7023014463114,0.42568615625306216,120,2004,1,0,0,1,1,0,1
2,1.803764455338357,56.49878902471093,9.107264330574427,1476.7996296992792,5.10310756856257,80,1336,1,0,0,0,1,0,1
2,1.0477383982208104,113.54116893478873,19.002043763899916,5.544839240266878,1.9468555903780778,120,2004,1,0,1,0,0,1,1
2,0.17060558486939853,110.69110471392014,51.7609075015927,10.329821989827987,0.45130017482480295,80,1336,2,0,1,1,0,0,1
2,2.030964183445506,48.058419871642386,25.43697226017078,1028.5070958485585,0.47590043614264194,66,1111,2,0,0,0,1,0,1
2,1.5726565800747703,113.31070347865155,20.18358549813074,5.55610922882403,1.2123912238499406,120,2004,1,0,1,0,0,0,1
2,1.0656344889819693,59.18886698828317,31.916340066458627,1016.1310399155291,0.9214514923049004,45,752,2,0,0,0,1,0,1
2,1.7045277260761162,114.10044859863719,24.956464172345036,5.85104485986372,0.8429604362805375,120,2004,1,0,1,1,0,0,1
2,1.2738106599154484,112.99051142133798,27.654733502113785,5.688455279180301,0.6701993401323137,120,2004,1,0,1,0,0,0,1
2,0.2577713226046015,98.47757061667242,40.21587007235004,7.4101637135704195,1.269638236527198,80,1336,2,0,1,1,0,0,1
2,6.2222949030565395,20.26929096038306,17.5,9.941438431588614,1.2981850985176437,10,167,1,1,0,1,0,0,1
2,0.43578331405257476,114.00244846896511,26.20309551353465,8.502668929180102,0.3432668929180102,80,1336,1,0,1,1,0,0,1
2,2.7765276289587577,94.85350343450818,14.540797680992235,8.013374488179974,2.160409804072683,80,1336,2,0,0,0,0,1,1
2,1.0361120459769504,114.47850821102337,17.337947981138615,11.072036485705901,1.0721322304743364,80,1336,1,0,1,0,0,0,1
2,2.1799827537091065,115.55725359956828,18.522786066900775,5.9795425540328955,1.453642321445945,120,2004,1,0,1,1,0,0,1
2,4.726254206237189,35.61254206237189,17.5,10.094618473702884,1.4114186472559496,19,331,1,1,0,1,0,0,1
2,0.6056463146872567,75.57130570822989,32.629406691049475,1014.0312811290867,0.694306105593823,100,1670,1,0,0,1,1,0,1
2,1.2604218025119014,104.56056783504359,8.525205782863416,10.677193414948372,2.3658168637231793,67,1130,2,0,1,0,0,1,1
2,0.9075904721595717,113.52452636856896,20.096949436253347,5.565861429176064,1.976637024666091,120,2004,1,0,1,0,0,1,1
2,2.225066205857355,55.837933655041056,20.936873050593228,1020.8346435851258,1.5319098583870168,27,459,3,0,0,0,1,0,1
2,0.7083365222025007,112.72307360728237,18.698016318828145,5.568752391651875,0.7051720877442511,100,1670,1,0,1,1,0,0,1
2,1.1352270876469326,66.27049487524465,14.465109340466007,1026.753548211586,2.189361332441749,120,2004,1,0,0,0,1,0,1
2,0.46409316795387706,104.3229810886025,10.279789783196216,7.594247971341064,1.2998963212059338,100,1670,1,0,1,0,0,0,1
2,0.2286538794903543,45.89236032534249,31.081734936294286,1013.2863211374525,0.81,100,1670,1,0,0,1,1,0,1
2,2.0105445139201263,112.04688850408914,22.456784779015877,7.437249784618006,0.7593189289715805,80,1336,2,0,1,1,0,0,1
2,4.232258779312186,61.09723819714921,11.555216750569684,394.28862527877675,2.500810286132167,10,167,2,0,0,0,0,1,1
2,0.1784526860143552,111.52920716270494,2.4086350969319597,6.514470990883822,1.1660418623355144,100,1670,1,0,1,0,0,0,1
2,1.2417061318272138,110.16925841527329,16.995206236576422,6.057348944077553,0.4726648845119299,80,1336,1,0,1,0,0,0,1
2,1.1711755911442576,58.09555789447689,40.73536740464519,1034.0704158642745,0.8452976354229692,117,1954,1,0,0,1,1,0,1
2,4.914544424135972,15.877178805636355,1.2847165596738463,10.351845053657948,2.002856909883724,10,167,2,0,0,0,0,1,1
2,5.584705608574304,26.62217151008075,18.769709267301156,10.13189208966091,1.1808216353321552,10,167,2,1,0,1,0,0,1
2,0.9453321688840104,102.013316902136,9.354389029252605,10.650659551063917,2.030826832181948,57,964,2,0,1,0,0,1,1
2,1.7768764831097397,114.26740726871479,24.26080304702173,5.867740726871479,0.8902653928025221,120,2004,1,0,1,1,0,0,1
2,0.230900645379295,112.57202931775693,29.75040719106846,6.888769379231651,0.19916872772594196,80,1336,2,0,1,1,0,0,1
2,0.6528986394276295,101.0317565965713,48.69463570494652,8.753223377278966,1.0651132112297685,80,1336,1,0,1,1,0,0,1
2,1.2308247101482486,65.80051271767525,27.465637077156313,9.223057910680602,1.77342496779425,80,1336,1,0,0,1,0,1,1
2,4.662993923111495,37.69089488759053,19.083502135791814,10.195010128147509,1.103299572841637,13,228,2,1,0,1,0,0,1
2,0.5122621138007475,72.65345467689573,25.797451671381623,5.465591262873309,1.002547074965975,120,2004,1,0,0,0,0,0,1
2,2.333446009404405,132.73666254582048,26.741366718913365,8.081375847701173,0.4551726656217328,100,1670,1,0,1,1,0,0,1
2,0.10257759443821299,109.76313295931935,0.32219930477662306,6.663556013904468,1.1249866697466702,100,1670,1,1,1,0,0,0,1
2,2.2536025321613646,131.93712905980232,26.53965620781671,8.50895838461779,0.5718872141265057,100,1670,1,0,1,1,0,0,1
2,1.023287575838935,50.44497757387078,9.55708080536883,1013.7760483108723,1.5139207643847956,100,1670,1,0,0,0,1,0,1
2,1.4550111089231061,58.98002624902132,11.31774724785878,1029.2679741448196,2.6740604600346396,120,2004,1,0,0,0,1,0,1
2,5.659957862379436,30.537882132747356,17.5,9.8305550714551,1.0526576582220069,10,167,2,1,0,1,0,0,1
2,3.6291757156268285,55.01358276639618,10.454700210997862,840.9662783601877,2.245490448951504,10,167,4,0,0,0,0,1,1
2,0.5636906844894882,77.71086354359915,8.64168208309658,11.298538927016478,1.7538266913329545,80,1336,1,0,0,0,0,1,1
2,0.5921794741930483,83.56573856433654,25.43576819812024,1024.0657367914605,0.8180289752349705,120,2004,1,0,0,0,1,0,1
2,1.1502635582497287,103.67002539721885,8.815095899342818,10.667916931221031,2.248701256665501,64,1072,2,0,1,0,0,1,1
2,3.3715333681875252,29.555331508081174,17.5,10.620695036046401,2.254447173151284,13,222,4,0,0,1,0,0,1
2,0.8299727626484726,114.7238004829939,21.7231987120163,9.28314933580122,1.4441520193197555,100,1670,1,0,1,1,0,0,1
2,5.13846265887148,35.07738655316879,14.134942170848262,9.84152763090903,1.0453637010657113,10,167,2,1,0,0,0,0,1
2,0.10122605848799437,110.55657424814217,0.0,6.603792841648304,1.2446870798853578,100,1670,1,1,1,0,0,0,1
2,0.9992394825127839,95.18927788845257,46.26701297304123,7.798358436062886,1.5085589635911345,80,1336,1,0,1,1,0,0,1
2,0.157360357635433,122.53254763158765,6.964758475798965,5.393078425441825,1.2948070831061131,120,2004,1,0,1,0,0,0,1
2,0.10354020968553494,109.1817133499369,0.44252621069186704,6.6611494757861625,1.0782998302515556,100,1670,1,1,1,0,0,0,1
2,0.6894395557584783,110.86764778880084,39.112974662429444,5.940476584432196,0.43516329054802444,80,1336,1,0,1,1,0,0,1
2,0.652412717422012,112.06615956656853,24.095230966745493,8.380346136345059,0.33222255488521024,100,1670,1,0,1,1,0,0,1
2,0.4088205347376719,63.23893534287288,4.607787680327258,10.500586904327855,1.7430389384016363,50,835,2,0,0,0,0,1,1
2,2.590682158862333,111.87570034656521,20.079171480072407,7.616046304698555,0.9419196303304391,80,1336,2,0,1,1,0,0,1
2,0.9111593445100015,80.75721212467622,30.46404791572113,9.121830896012984,1.5978650694759624,80,1336,1,0,0,1,0,0,1
2,1.630775187744708,124.93492814624229,23.77562953141143,9.139156466838195,0.9514802110194974,100,1670,1,0,1,1,0,0,1
2,0.3867236199594443,113.74173123749877,26.903948286293655,8.20130223689373,0.31313022368937293,80,1336,1,0,1,1,0,0,1
2,3.170196356122569,90.26965811568691,17.5,6.837936010370024,1.8390661832462967,80,1336,1,0,0,1,0,0,1
2,1.287668571087409,52.499005191955305,8.023584043638294,1013.304216900102,5.238556729628809,80,1336,1,0,0,0,1,0,1
2,0.5190718753629096,91.44824241810502,21.97651363218177,1013.2281324206501,2.818409772112007,80,1336,1,0,0,0,1,0,1
2,1.0496872325239703,52.130856119105935,44.182409680511284,1024.9336262192012,1.0303778323322708,100,1670,1,0,0,1,1,0,1
2,1.4420735872320332,55.68317047902792,11.60869471652974,1029.3879328990563,2.775551904240249,120,2004,1,0,0,0,1,0,1
2,0.9317195275851857,115.62950264457359,19.010905006647665,11.133601304244634,0.7817068908459652,80,1336,1,0,1,0,0,0,1
2,0.36567699795878583,83.18432686119367,1.0688642974601157,11.650191144193608,1.7033532240870817,80,1336,1,0,0,0,0,0,1
2,0.82756964999745,58.31007420630104,31.38438824073602,5.45231223518528,1.0230337657398436,120,2004,1,0,0,1,0,0,1
2,0.2961240255958612,122.23759394974437,4.844968005173467,6.83705386849787,1.674651308911747,120,2004,1,0,1,0,0,1,1
2,0.21475635665371218,101.09116216493472,43.14675387020427,8.050116510272044,1.0509163182491292,80,1336,2,0,1,1,0,0,1
2,4.6489947637382585,17.159372563372592,3.2291178387366033,10.415176981033136,2.0828551339365915,10,167,2,0,0,0,0,1,1
2,0.8227024226437005,83.02991650549409,3.6636131583924305,10.849066396849715,1.7734958917338737,80,1336,1,0,0,0,0,1,1
2,0.36005493550734624,57.077311573455994,3.70472102791382,10.478913304669932,1.7385236051395692,50,835,2,0,0,0,0,1,1
2,1.10060637622765,111.28651305058447,27.422614925955106,8.663404943257975,0.3336070686671919,100,1670,1,0,1,1,0,0,1
2,3.2966700404272427,71.65210598675941,17.7281846441287,10.450706116256214,1.0961022990319775,50,835,1,0,0,0,0,0,1
2,0.8072467787868698,110.55522450317407,46.04401130752898,8.589888621936025,0.5397002742020953,80,1336,1,0,1,1,0,0,1
2,0.14387604148399444,35.45498752054338,7.5,1030.867317912097,0.5857354192240779,50,835,2,1,0,0,1,0,1
2,0.9402136386920428,112.36272384432039,26.84338672667196,7.107377318154269,0.42242789939159364,80,1336,2,0,1,1,0,0,1
2,1.2276881637577772,113.00004960867179,29.541459963867528,5.74100496086718,0.5311807224570082,120,2004,1,0,1,1,0,0,1
2,0.527583161004662,31.38752622560177,35.63109236086005,1032.8318590814063,0.7266958083664732,100,1670,1,0,0,1,1,0,1
2,3.2285995124234637,105.31489479007244,17.5,7.543415114872634,1.35785431472774,80,1336,2,0,0,1,0,0,1
2,0.6636231111006641,112.31734468348665,24.476034188435996,8.898895589644745,0.41365593152910485,100,1670,1,0,1,1,0,0,1
2,0.9965606676945095,70.68681025009305,17.26645115768668,1026.0672194663669,1.8391936052891653,120,2004,1,0,0,0,1,0,1
2,1.9286184235754948,85.65432597729402,32.33943257367342,5.56623971984286,1.0661426828289682,120,2004,1,0,0,1,0,0,1
2,0.6746250730827366,54.826057158794484,32.05276968815616,1015.3630075785132,0.7532151603401933,50,835,2,0,0,0,1,0,1
2,1.5689816461222947,110.69372288280464,25.329716419410456,5.783155257990592,0.5647579360752581,80,1336,1,0,1,1,0,0,1
2,1.339785179936507,56.74356030132488,22.68993884021175,1031.8905892642201,2.0083888495238025,120,2004,1,0,0,0,1,0,1
2,0.686401107944131,85.61977100700808,29.318528777260475,1026.1592837989642,0.4921082589822757,120,2004,1,0,0,1,1,0,1
2,3.2196394357323053,29.89784633453435,18.173108077373453,10.710376764501891,2.198824345838583,10,167,5,0,0,1,0,0,1
2,1.0584199549493913,102.9275423726435,9.056789592238443,10.660182733048371,2.151057004735669,61,1024,2,0,1,0,0,1,1
2,4.668938123688789,38.42801934357907,19.949822005555685,10.245182912533346,0.930637734822195,10,167,3,1,0,1,0,0,1
2,1.5115059587992332,108.54418503886043,10.720791655831782,9.131812088642427,1.9973476276328768,80,1336,1,0,1,0,0,0,1
2,0.3608756066467175,36.804974325608214,6.872060227387701,9.738740138450643,1.7284579202798618,56,940,1,0,0,0,0,1,1
2,2.4503812223819006,113.20303776706197,18.318743380444786,8.910391103317792,0.9664264033457052,80,1336,1,0,1,1,0,0,1
2,1.3032333015453048,110.04994605323111,36.30237868180749,1027.7610952480568,0.5889835399555186,100,1670,1,0,1,1,1,0,1
2,1.0946112789771179,113.06768546496185,28.321045394450792,1034.4683383693134,1.3133690965179263,97,1633,1,0,1,1,1,0,1
2,1.2639128308763463,104.58879004329509,8.516018866114878,10.677487396284326,2.369528378089589,67,1132,2,0,1,0,0,1,1
2,0.8070183357517065,120.91318583803748,4.01122101069388,6.574473942545632,1.6341795361711022,120,2004,1,0,1,0,0,1,1
2,1.1363006067535983,119.37574646646058,21.581215710444965,9.639482818018548,1.2528463757655584,100,1670,1,0,1,1,0,0,1
2,0.7251713581178038,114.10894123670948,18.75389450267736,7.776947792776404,1.0562929748888825,100,1670,1,0,1,1,0,0,1
2,3.097509063715873,48.86151674066044,9.782699279781442,1025.0375924011148,2.021788408201104,13,225,4,0,0,0,1,0,1
2,0.11074213083637095,104.83175297483194,1.3427663545463695,6.643144672909073,0.7290066544360086,100,1670,1,1,1,0,0,0,1
2,0.5003678484521099,61.84874094903315,23.638130745574177,1026.6759230904404,0.5888680360281429,50,835,2,0,0,0,1,0,1
2,0.5876616833703256,51.15678238302355,5.727611830852574,9.664502501425341,1.4450746321190766,50,835,2,0,0,0,0,0,1
2,0.5678383176392244,114.7042264880256,24.316595462296796,9.31386395121238,0.4243863951212379,80,1336,1,0,1,1,0,0,1
2,2.4610492430110904,62.17789439529528,33.72419697204436,5.415722484782758,1.7610321211182254,120,2004,1,0,0,1,0,1,1
2,0.22634812137747706,111.15200032065768,51.08112047100638,10.40323898913131,0.5260767481892985,80,1336,2,0,1,1,0,0,1
2,0.3451719711633039,98.840548874842,14.315411481993175,9.979316394101513,0.7673835407202729,100,1670,1,0,1,0,0,0,1
2,1.2426510343968822,94.54077599742658,18.696448276696977,5.441244965520104,1.4123764137449173,120,2004,1,0,0,0,0,0,1
2,0.11287665085993265,103.30213873121527,0.0,5.974660853563638,1.1942011796069587,100,1670,1,1,1,0,0,0,1
2,1.2417575004916184,80.76240496272777,14.487823667298459,8.554875668808862,1.024584463969674,50,835,2,0,0,0,0,0,1
2,0.7202696950241404,56.96328605137454,0.4719662922457104,1012.5804755377278,6.333676308168265,79,1329,1,0,0,0,1,0,1
2,0.7354860783890429,46.13868997417752,19.687681629098833,8.524213556380788,1.7442309927742754,68,1138,1,0,0,0,0,1,1
2,1.2356564045119256,69.06338752819184,12.24453583471989,1030.5381066956074,2.462188484825294,120,2004,1,0,0,0,1,0,1
2,0.6632317214406525,112.30707823163557,24.49108763689798,8.895192441323097,0.4101033176920764,100,1670,1,0,1,1,0,0,1
2,4.785729429849263,36.20729429849263,17.5,10.043442118501797,1.329813107881244,18,308,1,1,0,1,0,0,1
2,0.9560852049345778,114.83179405240911,19.38510567903873,9.851666575859037,0.5460509906200279,80,1336,1,0,1,1,0,0,1
2,4.779452108106035,32.25281822071391,14.688075967957776,10.133743088384506,1.5051611278275645,18,307,1,1,0,0,0,0,1
2,0.253582064329235,112.58514937003741,22.798505360769585,2669.6737927446684,0.6249253619241044,80,1336,1,0,1,1,1,0,1
2,6.1651648604547375,21.312517724231455,17.5,9.930173352765722,1.2732409954098147,10,167,1,1,0,1,0,0,1
2,0.5199363198599258,66.21756310699789,33.90090589413198,1008.7788767678642,0.8568108707295838,100,1670,1,0,0,1,1,0,1
2,0.12896765424626425,93.3213481974656,0.2580864384339372,5.2120782833365125,1.0332829566861972,100,1670,1,1,1,0,0,0,1
2,3.3229384997775524,36.648351754382595,36.79065017353431,1016.0083211163121,1.0385650746639905,80,1336,1,0,0,0,1,0,1
2,2.4892182233124074,98.13242202644714,12.745113895702547,8.701121377945924,2.318429977178176,80,1336,2,0,0,0,0,1,1
2,0.5491246048789378,120.64328172508596,12.311904809689846,5.470574603875451,0.7830095230449625,120,2004,1,0,1,0,0,0,1
2,0.10035242766182788,111.10713369225596,0.0440534577284839,6.66911893084543,1.2329072584013483,100,1670,1,1,1,0,0,0,1
2,5.2558175752087175,14.905636818593461,1.960680787940916,10.276388329349585,1.8939805489159738,10,167,1,1,0,0,0,0,1
2,4.9431150884962145,39.48397284887792,18.494638997614356,9.936884911503785,0.8658070039141167,10,167,3,1,0,1,0,0,1
2,0.5651837587524542,113.50672903986089,47.11838041594211,10.636130983707858,0.9172523389947832,80,1336,1,0,1,1,0,0,1
2,0.657959346795328,53.47394766049309,31.301445962084458,1015.503983230387,0.7540347862231805,50,835,2,0,0,0,1,0,1
2,2.0812171146694305,117.43757027976909,14.298761241612398,6.229391442665285,1.3902441443911586,120,2004,1,0,1,0,0,0,1
2,2.0549074384605555,108.73645325163885,10.079028270449399,9.962081801569674,2.3570393636462983,80,1336,2,0,1,0,0,0,1
2,1.220194120566085,55.81508841840084,35.854437936950326,1015.0663313810851,0.7192402342697881,55,920,2,0,0,1,1,0,1
2,2.5794070340226707,95.60765149157442,23.298743651322457,5.81461809295088,1.469288440827205,120,2004,1,0,0,1,0,0,1
2,0.7805113723945523,100.58157352491355,10.882800135905178,10.411771806404241,1.690194867714172,50,835,2,0,1,0,0,0,1
2,0.2911352578602786,119.51871553385183,11.080927674651756,6.472873823800338,1.809348037772478,120,2004,1,0,1,0,0,1,1
2,0.8299226704226421,111.81434831441976,27.1419365526505,7.514825180146806,0.7312389298460032,100,1670,1,0,1,1,0,0,1
2,0.9888060628385177,112.66992160122606,27.200209063397157,7.004713029626782,1.3619968640490427,100,1670,1,0,1,1,0,0,1
2,2.823902739554601,52.635959356225094,38.847464665959684,1015.6922410609543,0.5976608480169675,80,1336,2,0,0,1,1,0,1
2,2.4123538705860215,97.79388026497543,22.5,8.063722495961066,0.6474817499423009,50,835,1,0,0,1,0,0,1
2,0.6920783007325517,113.06374619613847,23.38160381797878,9.168125460777219,0.6719414989570075,100,1670,1,0,1,1,0,0,1
2,1.4675811377800712,112.20710720524522,24.68204451729479,7.269910252299431,0.5884189810717602,80,1336,2,0,1,1,0,0,1
2,1.4505480224480285,57.151795899004036,32.53805189342228,5.429238962131555,1.2422298597502324,120,2004,1,0,0,1,0,0,1
2,4.230332340521538,33.37316060291258,17.5,10.289079591283762,1.7230121655188502,17,293,2,0,0,1,0,0,1
2,1.948902094843522,113.89838285566321,13.074184123696018,5.490050463090914,1.7217685336095345,120,2004,1,0,1,0,0,0,1
2,1.1527434029709143,77.86143695633467,40.13275053052041,7.303893799575583,1.7477875991511673,80,1336,1,0,0,1,0,1,1
2,1.3691239207647472,117.21901886017918,8.892118084496802,5.382478028078767,1.541981862940198,120,2004,1,0,1,0,0,0,1
2,2.980675647882767,88.86319019351068,32.73452223221735,1880.6465410330763,1.0884915194242808,91,1530,1,0,0,1,1,0,1
2,1.0148318946566035,114.91986970585576,25.36911854177393,5.662080405279351,0.5740941033316171,120,2004,1,0,1,0,0,0,1
2,0.2903771979629037,119.1055728897825,12.028502546370436,6.4175354512919665,1.8298156550016014,120,2004,1,0,1,0,0,1,1
2,0.11402231702345243,102.58877060006363,0.0,5.912794880733569,1.1892366262317062,100,1670,1,1,1,0,0,0,1
2,3.1567752850766393,111.66356999622056,18.406911894392472,7.7032435141458,1.1239347035850475,80,1336,1,0,1,1,0,0,1
2,2.4425719247420012,24.81216603921984,38.3169786090304,1022.5910358310986,0.6507850267665409,86,1448,2,0,0,1,1,0,1
2,0.2538237043247024,124.27244699825249,4.032440308169227,5.349142457853149,0.9154809550692924,120,2004,1,0,1,0,0,0,1
2,0.4940162621061652,113.36515885009732,47.81687485236384,10.755777515944704,0.8851437662399778,80,1336,2,0,1,1,0,0,1
2,5.427190822371112,55.64899339807186,39.7992046477989,3051.559117283371,0.6693976139433968,80,1336,1,0,0,1,1,0,1
2,0.6602369209545013,77.08776639793656,24.358807712942347,5.460658769301517,1.0855773834244702,120,2004,1,0,0,0,0,0,1
2,3.4357858945425632,24.16491174006113,17.5,10.714590767893533,2.4380468239426545,10,167,5,0,0,1,0,0,1
2,0.2850928130952753,116.22558313692502,18.633983630905902,6.031775355955095,1.9724940464275675,120,2004,1,0,1,0,0,1,1
2,0.21630054444478586,96.33077131953621,26.592486388880353,5.602670490000308,1.6800286750023044,120,2004,1,0,0,1,0,0,1
2,0.6241481089282963,109.91997925529257,15.204557197793731,8.813127906453948,1.3860797509613902,100,1670,1,0,1,0,0,0,1
2,3.5289405817539192,42.64336006083819,15.47819370303922,10.855738324436471,2.690218062969608,10,167,3,0,0,0,0,1,1
2,1.0569637586497675,54.150680703896015,43.25258329962777,1025.94403175115,0.9373255709085428,100,1670,1,0,0,1,1,0,1
2,5.771028626554299,24.220141262823184,18.52960228536817,10.108841819395344,1.2317243155019477,10,167,2,1,0,1,0,0,1
2,0.5744474878849857,95.97516591006176,41.744341332714974,7.30651131733457,1.4404794026097778,80,1336,1,0,1,1,0,0,1
2,2.3249641173452167,115.7180511119647,18.028531418141306,6.003925783371696,1.4035578503716524,120,2004,1,0,1,1,0,0,1
2,0.45677522368849083,108.85633288860845,27.500000000000004,1034.9062611103805,0.5433876118442454,120,2004,1,0,0,1,1,0,1
2,0.11664488697336259,125.98089547902642,0.0,5.354000753480282,1.0006341227067574,120,2004,1,0,1,0,0,0,1
2,5.326502057349474,36.62697299501983,17.5,9.764803222575953,0.9070642785610377,10,167,2,1,0,1,0,0,1
2,0.7776530099185424,112.51165831974845,20.864156559954445,5.620739757438907,0.8230101168615219,100,1670,1,0,1,1,0,0,1
2,0.4344178041301374,123.82836026470598,1.0790420056318375,7.052791097934931,1.5564349005006284,120,2004,1,0,1,0,0,0,1
2,4.617330605051458,55.405281172406475,32.7506773533736,2682.040341096234,1.7102777997908896,80,1336,1,0,0,0,1,0,1
2,4.776598506946711,64.5598438028014,12.832481336833887,10.747519068570213,2.5943220546767907,10,167,1,1,0,0,0,0,1
2,1.4023361947870177,56.09511478070792,15.91357889807308,1030.3601744342109,2.477521460902633,120,2004,1,0,0,0,1,0,1
2,1.9268150471338854,114.61341933953973,22.8190860852511,5.9023419339539736,0.9883021462029251,120,2004,1,0,1,1,0,0,1
2,2.248560287461581,130.77160467125069,27.895428058104322,7.902480503057766,0.5791906764527206,100,1670,1,0,1,1,0,0,1
2,2.2184097220726793,131.360700731236,26.102276233737108,7.905625964277704,0.4679544753252579,100,1670,1,0,1,1,0,0,1
2,0.5992077139973352,47.44497119287572,1.5354951610508234,1014.0691165459996,5.2573549657711816,73,1233,1,0,0,0,1,0,1
2,0.41356222724583475,112.83476484042244,21.512204900358086,2643.7310672235153,0.7672693096372407,84,1403,1,0,1,1,1,0,1
2,0.9155162200269692,99.30358272105478,35.818279714328526,1014.0685979268801,0.6703612868561154,80,1336,2,0,0,1,1,0,1
2,0.1250720260620702,95.70848510535095,0.0,5.316110592648208,1.1413545537310292,100,1670,1,1,1,0,0,0,1
2,1.0271577090406374,104.92822964510313,14.255057604049187,6.939239953790882,0.6077411388783787,80,1336,1,0,0,0,0,0,1
2,1.2593410583329159,119.46293028419815,25.8370069482595,8.609294665934176,0.34022041689557,100,1670,1,0,1,1,0,0,1
2,1.918883752710388,23.319105896403453,24.49962630499638,1018.055580545345,0.6701562607984849,65,1097,2,0,0,0,1,0,1
2,1.796267007603171,33.145614315463135,6.279533472161294,10.285939159604185,1.6123508547629493,39,655,1,1,0,0,0,0,1
2,1.1770201892845877,111.03802474971322,17.80699864796723,6.46820510124174,0.38192785938859186,80,1336,1,0,1,1,0,0,1
2,1.1761071837896555,112.93497207616534,15.094436157217057,10.989475250585588,1.4616058831071186,80,1336,1,0,1,0,0,0,1
2,0.1055020168158527,107.89407752932905,0.0,6.372891091943955,1.226157927131305,100,1670,1,1,1,0,0,0,1
2,4.6324696264594785,46.203866195967294,40.0,2157.8218946342913,0.6260865091429781,80,1336,2,0,0,1,1,0,1
2,0.5841722093054206,24.329865895263254,38.76944429424908,1030.8499973863857,0.9004666630619779,100,1670,1,0,0,1,1,0,1
2,1.2125359571339214,80.98620577833333,41.52990160747795,1025.1781922727473,0.7862725221683243,100,1670,1,0,0,1,1,0,1
2,1.1985077309787386,118.71387816001842,25.753444685410358,8.62533862040121,0.3352066811246213,100,1670,1,0,1,1,0,0,1
2,1.5522746934009262,105.86882925917652,19.34511725220314,8.319887015255384,0.9252014004008363,50,835,2,0,1,0,0,0,1
2,2.051392916717326,113.98743179777274,18.743199024768803,9.48085948928927,0.8764418067490138,80,1336,1,0,1,1,0,0,1
2,2.1449022267944557,129.0871611854099,28.080531737867044,7.721078896890297,0.6443471717291993,100,1670,1,0,1,1,0,0,1
2,1.1107064555594521,61.25409062753676,38.744682165932105,1034.5707927768806,0.7848936433186422,120,2004,1,0,0,1,1,0,1
2,0.1261610877862679,73.11698778622417,24.0638072519376,7.001987442748609,1.1302301145049682,100,1670,1,1,0,0,0,0,1
2,1.1417421144445596,57.558429466117616,23.257885555440456,1016.3976467727373,1.3706961880572532,100,1670,1,0,0,0,1,0,1
2,3.238552129511941,42.16208144030038,38.12944221929094,1206.4699687079928,0.573741115561418,80,1336,1,0,0,1,1,0,1
2,1.4430334028602054,113.1718215030645,23.42416492849486,5.613513778733338,0.9772177451892301,120,2004,1,0,1,0,0,0,1
2,0.7648032547079127,114.97137768118448,20.58449020354182,9.856215409928712,1.3320603119641303,100,1670,1,0,1,1,0,0,1
2,0.2794822594293972,98.79232699381727,40.0,7.222154900475673,1.2306623413630497,80,1336,1,0,1,1,0,0,1
2,1.214549529159982,79.53092035555062,14.123431194106901,8.60103204874646,1.0420753026828686,50,835,2,0,0,0,0,0,1
2,0.11330188770685827,103.28565982505759,1.6627359633572847,6.636745280732854,0.6048584462173736,100,1670,1,1,1,0,0,0,1
2,1.5089712429416726,110.71623567629655,30.0,8.17257268308222,0.510915748303584,100,1670,1,0,1,1,0,0,1
2,6.1889466001500475,18.375235156083498,17.5,10.028537732965674,1.4438207556781089,12,201,1,1,0,1,0,0,1
2,0.8219708976285947,112.3764887622328,22.24909055089358,5.653978173221446,0.8983505259686109,100,1670,1,0,1,1,0,0,1
2,0.14600383275928966,74.98834634903446,24.16347270059196,10.051339954715214,1.2225619045794163,100,1670,1,1,0,0,0,0,1
2,1.1769771867118468,64.00466148690964,8.448491050843877,1011.7328945279982,1.5169153963391109,100,1670,1,0,0,0,1,0,1
2,0.9537990160102477,95.95582033739723,46.58552091581602,7.923638226887634,1.4503781793776072,80,1336,1,0,1,1,0,0,1
2,1.338306406191546,110.43347389416482,20.154310395323144,5.800899507216035,0.4228039422717205,80,1336,1,0,1,1,0,0,1
2,0.5872561867801813,106.75048140103041,40.0,6.3051142189815,0.7156120955923495,80,1336,1,0,1,1,0,0,1
2,0.48006043440742135,93.41241687927777,27.500000000000004,1026.9543616498656,0.5550302172037107,120,2004,1,0,0,1,1,0,1
2,1.5531167534876493,109.9385423246824,48.01906012002185,1015.26668184366,0.9801390541033441,94,1584,1,0,1,1,1,0,1
